縣市 ,測站名稱 ,空氣污染指標 ,指標污染物, 狀態 ,二氧化硫濃度 ,一氧化碳濃度 ,臭氧濃度 ,懸浮微粒濃度 ,細懸浮微粒濃度 ,二氧化氮濃度 ,細懸浮微粒指標 ,氮氧化物 ,一氧化氮 ,發佈時間
屏東縣,恆春,34,,良好,0.7,0.09,33,34,0,-0.1,1,2.43,2.52,2016-05-22 07:00
屏東縣,潮州,25,,良好,1.9,0.18,11,31,3,3.5,1,4.2,0.66,2016-05-22 07:00
屏東縣,屏東,24,,良好,0.9,0.27,14,17,2,6.5,2,8.33,1.86,2016-05-22 07:00
屏東縣,恆春,34,,良好,0.9,0.09,29,34,0,-0.1,1,3,3.11,2016-05-22 08:00
屏東縣,潮州,26,,良好,1.8,0.19,13,30,7,4.3,1,5.6,1.35,2016-05-22 08:00
屏東縣,屏東,23,,良好,0.9,0.27,14,17,2,6.5,1,8.33,1.86,2016-05-22 07:00
屏東縣,恆春,34,,良好,0.8,0.09,34,34,0,-0.2,1,1.61,1.81,2016-05-22 09:00
屏東縣,潮州,26,,良好,1.8,0.14,25,18,9,2.4,1,3.2,0.79,2016-05-22 09:00
屏東縣,屏東,21,,良好,1.1,0.39,23,23,2,8.1,1,11.61,3.53,2016-05-22 09:00
屏東縣,恆春,34,,良好,1,0.09,36,34,2,-0.3,1,2.03,2.36,2016-05-22 10:00
屏東縣,潮州,25,,良好,2.4,0.16,29,19,14,2.2,1,2.57,0.37,2016-05-22 10:00
屏東縣,屏東,22,,良好,1.4,0.31,27,16,5,6.6,1,9.31,2.74,2016-05-22 10:00
屏東縣,恆春,34,,良好,1.5,0.1,40,34,3,2.6,1,5.88,3.29,2016-05-22 11:00
屏東縣,潮州,30,,良好,2.5,0.14,36,22,17,2.2,1,2.71,0.5,2016-05-22 11:00
屏東縣,屏東,24,,良好,1.4,0.34,28,20,8,7.8,1,10.32,2.51,2016-05-22 11:00
屏東縣,恆春,34,,良好,1.1,0.1,38,34,5,2.1,1,5.54,3.45,2016-05-22 12:00
屏東縣,潮州,26,,良好,2,0.14,32,24,17,2,2,2.58,0.59,2016-05-22 12:00
屏東縣,屏東,22,,良好,1.4,0.27,27,14,9,6.2,1,8.57,2.34,2016-05-22 12:00
屏東縣,恆春,34,,良好,0.8,0.09,34,34,0,2,1,6.47,4.47,2016-05-22 14:00
屏東縣,潮州,24,,良好,2.1,0.15,29,22,18,2.1,2,1.86,-0.19,2016-05-22 14:00
屏東縣,屏東,20,,良好,1.8,0.41,25,21,14,11,1,14.46,3.22,2016-05-22 14:00
屏東縣,恆春,34,,良好,0.9,0.1,34,,1,1.9,1,5.56,3.7,2016-05-22 15:00
屏東縣,潮州,23,,良好,2,0.13,28,27,14,1.4,2,1.62,0.18,2016-05-22 15:00
屏東縣,屏東,21,,良好,1.7,0.42,25,33,15,12,1,15.53,3.59,2016-05-22 15:00
屏東縣,恆春,34,,良好,0.9,0.09,35,34,5,1.6,1,5.34,3.79,2016-05-22 16:00
屏東縣,潮州,23,,良好,2.4,0.16,25,28,16,1.9,2,2.05,0.15,2016-05-22 16:00
屏東縣,屏東,23,,良好,1.3,0.44,22,29,21,11,2,14.6,3.55,2016-05-22 16:00
屏東縣,恆春,34,,良好,0.9,0.1,37,34,5,1.4,1,4.97,3.56,2016-05-22 17:00
屏東縣,潮州,25,,良好,1.9,0.13,23,27,3,1.7,2,1.64,-0.05,2016-05-22 17:00
屏東縣,屏東,25,,良好,1.2,0.52,20,33,20,12,2,16.42,4.02,2016-05-22 17:00
屏東縣,恆春,34,,良好,1,0.09,38,34,3,1.6,1,5.36,3.81,2016-05-22 18:00
屏東縣,潮州,27,,良好,1.8,0.16,17,35,10,3.7,1,4.26,0.52,2016-05-22 18:00
屏東縣,屏東,27,,良好,1.2,0.57,15,28,14,14,2,18.05,3.85,2016-05-22 18:00
屏東縣,恆春,34,,良好,1.2,0.1,34,34,2,1.9,1,5.4,3.54,2016-05-22 19:00
屏東縣,潮州,29,,良好,1.8,0.15,12,42,5,4.1,1,4.52,0.47,2016-05-22 19:00
屏東縣,屏東,27,,良好,1.1,0.54,14,32,15,15,2,18.17,3.53,2016-05-22 19:00
屏東縣,恆春,34,,良好,0.9,0.09,29,34,0,1.3,1,5.09,3.79,2016-05-22 20:00
屏東縣,潮州,30,,良好,2.1,0.23,27,31,13,6.5,1,7.05,0.58,2016-05-22 20:00
屏東縣,屏東,27,,良好,1,0.25,26,26,15,11,2,12.78,1.62,2016-05-22 20:00
屏東縣,恆春,34,,良好,0.8,0.09,35,34,1,1.4,1,5.59,4.19,2016-05-22 21:00
屏東縣,潮州,29,,良好,1.8,0.18,28,17,6,4.5,1,4.93,0.44,2016-05-22 21:00
屏東縣,屏東,26,,良好,1,0.43,20,21,22,16,2,18.59,2.14,2016-05-22 21:00
屏東縣,恆春,34,,良好,0.8,0.09,34,34,0,0.9,1,4.27,3.41,2016-05-22 22:00
屏東縣,潮州,25,,良好,1.8,0.18,26,12,4,3.4,1,3.94,0.54,2016-05-22 22:00
屏東縣,屏東,24,,良好,1,0.47,21,13,,15,2,17.72,2.46,2016-05-22 22:00
屏東縣,恆春,34,,良好,0.9,0.09,36,34,0,1.7,1,5.03,3.38,2016-05-22 23:00
屏東縣,屏東,21,,良好,0.9,0.53,16,12,,17,,19.23,1.93,2016-05-22 23:00
屏東縣,潮州,23,,良好,1.8,0.18,26,12,4,3.4,1,3.94,0.54,2016-05-22 22:00
屏東縣,恆春,34,,良好,0.9,0.1,36,,0,1.6,1,4.85,3.21,2016-05-23 00:00
屏東縣,潮州,21,,良好,2,0.14,25,19,1,2.1,1,2.6,0.51,2016-05-23 00:00
屏東縣,屏東,18,,良好,0.8,0.28,18,9,13,11,,12.98,1.66,2016-05-23 00:00
屏東縣,恆春,34,,良好,0.8,0.1,34,34,0,1.4,,5,3.64,2016-05-23 01:00
屏東縣,潮州,20,,良好,2,0.16,22,15,7,2.4,1,2.67,0.26,2016-05-23 01:00
屏東縣,屏東,16,,良好,0.6,0.17,20,11,10,8.1,,9.7,1.57,2016-05-23 01:00
屏東縣,恆春,34,,良好,1.7,0.1,34,34,1,1.9,1,6.21,4.33,2016-05-23 02:00
屏東縣,潮州,21,,良好,1.5,0.16,18,17,17,3.1,1,3.48,0.37,2016-05-23 02:00
屏東縣,屏東,17,,良好,2.7,0.14,20,12,5,6.5,2,7.81,1.35,2016-05-23 02:00
屏東縣,恆春,34,,良好,1.8,0.11,34,34,2,1.6,1,5.89,4.31,2016-05-23 03:00
屏東縣,潮州,21,,良好,1.6,0.16,14,22,11,3.6,1,3.73,0.17,2016-05-23 03:00
屏東縣,屏東,16,,良好,2.4,0.13,20,10,8,5.7,2,7.3,1.56,2016-05-23 03:00
屏東縣,恆春,34,,良好,1.8,0.11,31,34,2,5.4,1,7.85,2.44,2016-05-23 04:00
屏東縣,潮州,21,,良好,1.5,0.15,14,23,6,3.1,1,3.6,0.49,2016-05-23 04:00
屏東縣,屏東,15,,良好,2.8,0.16,18,14,6,5.5,1,6.37,0.87,2016-05-23 04:00
屏東縣,恆春,34,,良好,1.7,0.11,31,34,3,5.2,1,8.65,3.47,2016-05-23 05:00
屏東縣,潮州,21,,良好,1.5,0.13,15,17,2,2.6,1,3.24,0.6,2016-05-23 05:00
屏東縣,屏東,13,,良好,2.8,0.18,16,8,5,4.9,1,5.51,0.62,2016-05-23 05:00
屏東縣,恆春,34,,良好,1.7,0.11,27,34,1,5.3,1,8.46,3.14,2016-05-23 06:00
屏東縣,潮州,20,,良好,1.4,0.16,14,15,9,3.6,1,4.54,0.92,2016-05-23 06:00
屏東縣,屏東,15,,良好,2.8,0.26,11,26,1,7,1,8.07,1.04,2016-05-23 06:00
屏東縣,恆春,34,,良好,1.7,0.11,30,34,0,5.4,1,7.74,2.3,2016-05-23 07:00
屏東縣,潮州,19,,良好,1.6,0.22,14,24,12,4.1,1,5.77,1.67,2016-05-23 07:00
屏東縣,屏東,17,,良好,3.6,0.39,14,32,0,8.7,1,11.67,2.93,2016-05-23 07:00
屏東縣,恆春,34,,良好,1.7,0.09,32,34,1,5.1,1,7.84,2.78,2016-05-23 08:00
屏東縣,潮州,21,,良好,1.8,0.19,25,28,15,3.1,1,4.5,1.4,2016-05-23 08:00
屏東縣,屏東,22,,良好,4.1,0.45,19,45,1,9.9,1,14.39,4.45,2016-05-23 08:00
屏東縣,恆春,0,,,1.9,0.09,33,,0,5.2,1,8.21,2.98,2016-05-23 09:00
屏東縣,潮州,28,,良好,1.8,0.15,34,29,18,2.4,1,3.46,1.04,2016-05-23 09:00
屏東縣,屏東,27,,良好,3.7,0.3,29,41,8,6.6,1,10,3.36,2016-05-23 09:00
屏東縣,恆春,0,,,1.7,0.08,34,,3,4.9,1,7.57,2.69,2016-05-23 10:00
屏東縣,潮州,29,,良好,1.7,0.13,35,31,18,2.1,2,2.88,0.74,2016-05-23 10:00
屏東縣,屏東,29,,良好,3.3,0.27,30,32,8,5.4,1,7.53,2.11,2016-05-23 10:00
屏東縣,恆春,0,,,1.7,0.08,34,,4,4.5,1,7.71,3.19,2016-05-23 11:00
屏東縣,潮州,28,,良好,1.8,0.13,33,22,19,2.5,2,3.48,1.03,2016-05-23 11:00
屏東縣,屏東,30,,良好,3.3,0.29,28,31,12,7,1,9.09,2.08,2016-05-23 11:00
屏東縣,恆春,0,,,1.8,0.08,33,,3,,1,,,2016-05-23 12:00
屏東縣,潮州,26,,良好,1.9,0.14,32,15,,2.1,2,3.14,1,2016-05-23 12:00
屏東縣,屏東,27,,良好,3.1,0.3,26,19,2,7.4,1,10.1,2.73,2016-05-23 12:00
屏東縣,恆春,0,,,1.8,0.08,33,9,1,,1,,,2016-05-23 13:00
屏東縣,潮州,26,,良好,1.6,0.11,31,11,,1.4,,1.83,0.43,2016-05-23 13:00
屏東縣,屏東,24,,良好,2.9,0.29,29,17,7,6.9,1,9.28,2.41,2016-05-23 13:00
屏東縣,恆春,0,,,1.9,0.08,31,13,1,1.4,1,4.93,3.5,2016-05-23 14:00
屏東縣,潮州,24,,良好,1.5,0.1,28,20,7,1.4,,2.31,0.91,2016-05-23 14:00
屏東縣,屏東,27,,良好,3.4,0.22,32,6,13,6.2,1,8.36,2.14,2016-05-23 14:00
屏東縣,恆春,0,,,1.7,0.08,29,17,3,1.2,1,4.31,3.16,2016-05-23 15:00
屏東縣,潮州,23,,良好,1.8,0.11,28,30,10,1.7,,2.3,0.64,2016-05-23 15:00
屏東縣,屏東,22,,良好,3.2,0.27,27,13,8,7.6,1,10.06,2.47,2016-05-23 15:00
屏東縣,恆春,0,,,1.6,0.08,33,17,0,1.2,1,4.45,3.3,2016-05-23 16:00
屏東縣,潮州,22,,良好,1.5,0.1,25,28,7,1.5,1,2.03,0.56,2016-05-23 16:00
屏東縣,屏東,20,,良好,3,0.29,24,,,7.9,1,10.49,2.6,2016-05-23 16:00
屏東縣,恆春,0,,,1.6,0.08,33,17,0,1.2,1,4.45,3.3,2016-05-23 16:00
屏東縣,潮州,22,,良好,1.5,0.1,25,28,7,1.5,1,2.03,0.56,2016-05-23 16:00
屏東縣,屏東,20,,良好,3,0.29,24,,,7.9,1,10.49,2.6,2016-05-23 16:00
屏東縣,恆春,0,,,1.6,0.09,35,17,0,1.4,1,4.72,3.3,2016-05-23 17:00
屏東縣,潮州,24,,良好,1.6,0.13,26,25,8,2.5,1,3.16,0.69,2016-05-23 17:00
屏東縣,屏東,20,,良好,3.1,0.3,23,22,9,8.3,1,11.25,2.99,2016-05-23 17:00
屏東縣,恆春,0,,,1.5,0.1,36,17,0,1.3,1,4.86,3.59,2016-05-23 18:00
屏東縣,潮州,26,,良好,1.6,0.14,32,27,8,2.6,1,3.51,0.88,2016-05-23 18:00
屏東縣,屏東,22,,良好,3.3,0.5,20,22,15,13,1,16.25,3.04,2016-05-23 18:00
屏東縣,恆春,0,,,1.5,0.11,31,15,0,2,,4.83,2.82,2016-05-23 19:00
屏東縣,潮州,28,,良好,1.5,0.15,34,23,9,2.8,1,3.61,0.82,2016-05-23 19:00
屏東縣,屏東,23,,良好,2.8,0.52,21,20,10,13,1,16.05,2.72,2016-05-23 19:00
屏東縣,恆春,25,,良好,1.6,0.09,30,18,0,1.2,,5.34,4.11,2016-05-23 20:00
屏東縣,潮州,27,,良好,1.3,0.12,32,28,15,2.5,1,3.28,0.79,2016-05-23 20:00
屏東縣,屏東,22,,良好,3.3,0.5,23,20,13,13,1,15.46,2.2,2016-05-23 20:00
屏東縣,恆春,23,,良好,1.5,0.08,28,14,1,1,1,4.47,3.43,2016-05-23 22:00
屏東縣,潮州,24,,良好,1.3,0.12,20,27,11,2.3,1,3.21,0.89,2016-05-23 22:00
屏東縣,屏東,19,,良好,3.8,0.54,15,17,,16,1,18.41,2.5,2016-05-23 22:00
屏東縣,恆春,29,,良好,1.6,0.11,35,16,0,1.2,1,4.4,3.23,2016-05-23 23:00
屏東縣,潮州,24,,良好,1.4,0.11,18,24,8,2.7,1,3.54,.81,2016-05-23 23:00
屏東縣,屏東,18,,良好,3.7,0.4,15,20,12,13,1,14.77,2.19,2016-05-23 23:00
屏東縣,恆春,34,,良好,1.5,0.12,41,17,,1.3,1,3.74,2.45,2016-05-24 00:00
屏東縣,潮州,24,,良好,1.4,0.1,17,20,8,1.8,1,2.32,.57,2016-05-24 00:00
屏東縣,屏東,18,,良好,3.8,0.26,14,14,12,11,1,12.54,1.52,2016-05-24 00:00
屏東縣,恆春,34,,良好,1.5,0.12,41,17,,1.3,1,3.74,2.45,2016-05-24 00:00
屏東縣,潮州,24,,良好,1.4,0.1,17,20,8,1.8,1,2.32,.57,2016-05-24 00:00
屏東縣,屏東,18,,良好,3.8,0.26,14,14,12,11,1,12.54,1.52,2016-05-24 00:00
屏東縣,潮州,19,,良好,1.3,0.11,23,7,6,2,1,2.8,.78,2016-05-24 02:00
屏東縣,屏東,22,,良好,0,0.17,26,23,5,6,1,7.45,1.42,2016-05-24 02:00
屏東縣,恆春,0,,,1.5,0.12,41,17,,1.3,,3.74,2.45,2016-05-24 00:00
屏東縣,潮州,22,,良好,1,0.13,27,13,,2,1,2.75,.74,2016-05-24 03:00
屏東縣,屏東,22,,良好,0.1,0.23,26,27,0,5.7,1,7.02,1.32,2016-05-24 03:00
屏東縣,恆春,0,,,1.5,0.12,41,17,,1.3,,3.74,2.45,2016-05-24 00:00
屏東縣,潮州,20,,良好,1,0.13,25,15,16,2.9,1,3.53,.66,2016-05-24 04:00
屏東縣,屏東,24,,良好,0.2,0.4,27,34,0,7.1,1,8.49,1.38,2016-05-24 04:00
屏東縣,恆春,0,,,1.5,0.12,41,17,,1.3,,3.74,2.45,2016-05-24 00:00
屏東縣,潮州,17,,良好,1,0.15,18,21,16,3.9,1,4.38,.5,2016-05-24 05:00
屏東縣,屏東,27,,良好,0.2,0.53,25,39,0,8.6,1,9.67,1.11,2016-05-24 05:00
屏東縣,恆春,0,,,1.5,0.12,41,17,,1.3,,3.74,2.45,2016-05-24 00:00
屏東縣,潮州,19,,良好,1,0.18,19,26,7,4.7,1,5.4,.76,2016-05-24 06:00
屏東縣,屏東,29,,良好,0.3,0.3,21,34,4,9,1,9.98,1.03,2016-05-24 06:00
屏東縣,恆春,0,,,1.5,0.12,41,17,,1.3,,3.74,2.45,2016-05-24 00:00
屏東縣,潮州,20,,良好,1.1,0.21,20,21,6,6,1,6.81,.85,2016-05-24 07:00
屏東縣,屏東,30,,良好,0.4,0.33,19,30,1,9.5,1,11.09,1.61,2016-05-24 07:00
屏東縣,恆春,0,,,1.5,0.12,41,17,,1.3,,3.74,2.45,2016-05-24 00:00
屏東縣,潮州,20,,良好,1,0.19,16,17,0,5.7,1,7.13,1.42,2016-05-24 08:00
屏東縣,屏東,28,,良好,0.4,0.58,19,18,4,13,1,16.07,3.34,2016-05-24 08:00
屏東縣,恆春,0,,,1.5,0.12,41,17,,1.3,,3.74,2.45,2016-05-24 00:00
屏東縣,潮州,24,,良好,1,0.16,29,7,4,3.3,1,4.33,1.04,2016-05-24 09:00
屏東縣,屏東,26,,良好,0.8,0.52,21,27,7,12,1,15.25,2.79,2016-05-24 09:00
屏東縣,恆春,0,,,1.5,0.12,41,17,,1.3,,3.74,2.45,2016-05-24 00:00
屏東縣,潮州,26,,良好,1.1,0.16,31,,,2.8,1,3.79,1.01,2016-05-24 10:00
屏東縣,屏東,26,,良好,0.4,0.44,29,28,13,8.5,1,11.16,2.7,2016-05-24 10:00
屏東縣,恆春,0,,,1.5,0.12,41,17,,1.3,,3.74,2.45,2016-05-24 00:00
屏東縣,潮州,28,,良好,1.2,0.15,34,14,,2.8,,3.69,.93,2016-05-24 11:00
屏東縣,屏東,27,,良好,0.5,0.36,32,29,15,7.3,1,9.71,2.43,2016-05-24 11:00
屏東縣,恆春,0,,,1.5,0.12,41,17,,1.3,,3.74,2.45,2016-05-24 00:00
屏東縣,潮州,31,,良好,2,0.26,37,22,20,9.1,,10.68,1.55,2016-05-24 12:00
屏東縣,屏東,28,,良好,0.9,0.42,31,28,12,9.2,1,11.39,2.2,2016-05-24 12:00
屏東縣,恆春,0,,,1.5,0.12,41,17,,1.3,,3.74,2.45,2016-05-24 00:00
屏東縣,潮州,37,,良好,3.4,0.35,45,25,20,13,,15.17,1.68,2016-05-24 13:00
屏東縣,屏東,27,,良好,0.6,0.31,23,16,8,15,1,17.85,2.48,2016-05-24 13:00
屏東縣,恆春,0,,,1.5,0.12,41,17,,1.3,,3.74,2.45,2016-05-24 00:00
屏東縣,潮州,48,,良好,3.3,0.23,58,33,27,6.9,2,7.91,1.05,2016-05-24 14:00
屏東縣,屏東,26,,良好,2,0.61,29,25,8,23,1,26.59,3.4,2016-05-24 14:00
屏東縣,恆春,0,,,1.5,0.12,41,17,,1.3,,3.74,2.45,2016-05-24 00:00
屏東縣,潮州,45,,良好,3,0.21,54,34,19,4.9,2,5.72,.85,2016-05-24 15:00
屏東縣,屏東,44,,良好,3.3,0.51,53,32,14,17,1,19.6,2.48,2016-05-24 15:00
屏東縣,恆春,0,,,1.5,0.12,41,17,,1.3,,3.74,2.45,2016-05-24 00:00
屏東縣,恆春,11,,良好,,,,,,,,,,2016-05-24 16:00
屏東縣,潮州,48,,良好,3.7,0.23,57,34,18,5.8,2,6.67,.85,2016-05-24 16:00
屏東縣,屏東,54,臭氧,普通,3.1,0.39,64,44,24,11,2,13.06,1.72,2016-05-24 16:00
屏東縣,恆春,10,,良好,,0.14,,9,0,,,,,2016-05-24 17:00
屏東縣,潮州,43,,良好,4.1,0.28,51,35,22,7.9,2,9.06,1.19,2016-05-24 17:00
屏東縣,屏東,51,臭氧,普通,2.8,0.42,62,40,31,12,2,13.62,1.43,2016-05-24 17:00
屏東縣,恆春,39,,良好,0.9,0.15,47,18,0,,,,,2016-05-24 18:00
屏東縣,潮州,32,,良好,12,0.64,36,46,28,25,2,27.23,1.99,2016-05-24 18:00
屏東縣,屏東,35,,良好,3.7,0.38,42,45,33,15,2,16.08,1.39,2016-05-24 18:00
屏東縣,恆春,14,,良好,,,,24,0,,,,,2016-05-24 19:00
屏東縣,潮州,36,,良好,12,0.58,27,59,21,27,2,28.51,1.76,2016-05-24 19:00
屏東縣,屏東,38,,良好,3.9,0.47,34,48,32,18,2,18.77,1.21,2016-05-24 19:00
屏東縣,恆春,38,,良好,0.8,0.15,46,21,0,2.8,,3.48,.71,2016-05-24 20:00
屏東縣,潮州,43,,良好,5.6,0.39,30,67,17,16,2,17.31,1.17,2016-05-24 20:00
屏東縣,屏東,39,,良好,1,0.43,34,45,33,14,3,14.75,1.08,2016-05-24 20:00
屏東縣,恆春,37,,良好,0.7,0.14,44,22,0,1.9,,2.67,.74,2016-05-24 21:00
屏東縣,潮州,48,,良好,2.9,0.34,34,57,14,10,2,11.06,.85,2016-05-24 21:00
屏東縣,屏東,37,,良好,0.5,0.42,33,25,,12,3,12.77,.98,2016-05-24 21:00
屏東縣,恆春,33,,良好,0.5,0.14,40,21,0,2.1,,2.98,.9,2016-05-24 22:00
屏東縣,潮州,48,,良好,2.6,0.23,31,45,15,8.6,2,9.66,1.04,2016-05-24 22:00
屏東縣,屏東,35,,良好,0.7,0.38,31,28,23,13,3,13.92,1.15,2016-05-24 22:00
屏東縣,恆春,33,,良好,0.6,0.13,40,17,0,2.2,,2.85,.66,2016-05-24 23:00
屏東縣,潮州,46,,良好,2.3,0.23,26,33,7,9,2,9.86,.9,2016-05-24 23:00
屏東縣,屏東,33,,良好,1.5,0.51,21,30,16,17,2,18.23,1.03,2016-05-24 23:00
屏東縣,恆春,31,,良好,0.8,0.14,38,18,0,1.5,,1.95,.41,2016-05-25 00:00
屏東縣,潮州,41,,良好,1.7,0.2,20,30,4,8,2,9.03,1.01,2016-05-25 00:00
屏東縣,屏東,31,,良好,2.5,0.42,16,32,17,19,2,20.53,1.32,2016-05-25 00:00
屏東縣,恆春,30,,良好,1.2,0.14,37,19,0,2.1,,2.36,.25,2016-05-25 01:00
屏東縣,潮州,39,,良好,1.9,0.18,21,33,5,5.8,2,6.65,.87,2016-05-25 01:00
屏東縣,屏東,33,,良好,3.6,0.38,16,33,22,18,2,19.6,1.37,2016-05-25 01:00
屏東縣,恆春,32,,良好,0.7,0.13,39,21,0,1.7,,2.81,1.13,2016-05-25 02:00
屏東縣,潮州,38,,良好,2.4,0.18,18,35,8,5.8,1,6.69,.91,2016-05-25 02:00
屏東縣,屏東,35,,良好,2.9,0.28,21,40,17,12,2,13.57,1.36,2016-05-25 02:00
屏東縣,恆春,33,,良好,0.5,0.14,40,24,0,2,,2.27,.25,2016-05-25 03:00
屏東縣,潮州,38,,良好,2.2,0.18,14,38,14,3.9,1,4.66,.81,2016-05-25 03:00
屏東縣,屏東,38,,良好,3.2,0.23,20,47,10,11,2,12.2,1.33,2016-05-25 03:00
屏東縣,恆春,29,,良好,0.4,0.14,35,20,0,,,,,2016-05-25 04:00
屏東縣,潮州,40,,良好,1.9,0.19,8.5,39,11,3.5,2,4.22,.73,2016-05-25 04:00
屏東縣,屏東,39,,良好,2.5,0.21,21,43,16,9.4,2,10.22,.81,2016-05-25 04:00
屏東縣,恆春,28,,良好,0.3,0.13,34,20,0,,,,,2016-05-25 05:00
屏東縣,潮州,40,,良好,1.9,0.18,12,38,6,4,1,5.01,1,2016-05-25 05:00
屏東縣,屏東,39,,良好,3,0.25,19,34,16,9.7,2,10.59,.85,2016-05-25 05:00
屏東縣,恆春,30,,良好,0.4,0.13,36,21,0,,,,,2016-05-25 06:00
屏東縣,潮州,42,,良好,1.9,0.21,15,49,10,4.1,1,4.94,.84,2016-05-25 06:00
屏東縣,屏東,37,,良好,2.2,0.3,16,28,17,9.5,2,10.45,.92,2016-05-25 06:00
屏東縣,恆春,32,,良好,0.5,0.13,39,20,0,,,,,2016-05-25 07:00
屏東縣,潮州,44,,良好,2,0.2,19,56,20,3.8,1,4.92,1.1,2016-05-25 07:00
屏東縣,屏東,33,,良好,2.2,0.34,17,25,7,9.4,2,11.47,2.05,2016-05-25 07:00
屏東縣,恆春,33,,良好,0.4,0.15,40,23,0,,,,,2016-05-25 08:00
屏東縣,潮州,47,,良好,2,0.18,28,62,28,3.4,2,4.38,1,2016-05-25 08:00
屏東縣,屏東,31,,良好,3.3,0.39,29,27,22,8.2,2,10.15,1.91,2016-05-25 08:00
屏東縣,恆春,35,,良好,0.4,0.15,42,25,0,,,,,2016-05-25 09:00
屏東縣,潮州,50,,良好,4.1,0.24,42,65,34,5,2,6.28,1.25,2016-05-25 09:00
屏東縣,屏東,31,,良好,3.8,0.36,35,36,30,7.2,2,9.38,2.16,2016-05-25 09:00
屏東縣,恆春,35,,良好,0.5,0.15,42,24,0,,,,,2016-05-25 10:00
屏東縣,潮州,50,,良好,4,0.22,50,41,23,4.2,2,5.53,1.33,2016-05-25 10:00
屏東縣,屏東,35,,良好,4.8,0.4,42,40,39,8.5,2,10.45,1.94,2016-05-25 10:00
屏東縣,恆春,36,,良好,0.5,0.15,43,25,0,,,,,2016-05-25 11:00
屏東縣,潮州,49,,良好,3.5,0.23,59,29,27,3.3,2,4.43,1.09,2016-05-25 11:00
屏東縣,屏東,57,臭氧,普通,5,0.48,69,49,39,8.7,3,10,1.3,2016-05-25 11:00
屏東縣,恆春,36,,良好,0.6,0.16,43,22,,,,,,2016-05-25 12:00
屏東縣,潮州,51,臭氧,普通,3,0.22,61,40,20,3,2,3.95,.95,2016-05-25 12:00
屏東縣,屏東,52,臭氧,普通,3.6,0.31,63,53,45,4.9,3,5.76,.88,2016-05-25 12:00
屏東縣,恆春,23,,良好,0.3,0.16,,21,,1.3,,4.85,3.54,2016-05-25 13:00
屏東縣,潮州,47,,良好,2.3,0.2,56,40,18,2.6,2,3.5,.93,2016-05-25 13:00
屏東縣,屏東,53,臭氧,普通,3.5,0.35,64,56,47,5.6,3,6.52,.94,2016-05-25 13:00
屏東縣,恆春,22,,良好,,,,,,,,,,2016-05-25 14:00
屏東縣,潮州,44,,良好,2.2,0.2,53,39,6,2.4,2,3.06,.63,2016-05-25 14:00
屏東縣,屏東,56,臭氧,普通,4,0.28,68,52,34,4.5,3,5.57,1.04,2016-05-25 14:00
屏東縣,恆春,0,,,,,40,,,,,,,2016-05-25 15:00
屏東縣,潮州,42,,良好,2.7,0.18,50,35,6,2.4,2,2.95,.56,2016-05-25 15:00
屏東縣,屏東,61,臭氧,普通,17,0.61,73,49,34,23,3,24.76,1.91,2016-05-25 15:00
屏東縣,恆春,0,,,,,40,8,,,,,,2016-05-25 16:00
屏東縣,潮州,39,,良好,2.1,0.17,44,26,12,2.1,2,3.1,.99,2016-05-25 16:00
屏東縣,屏東,51,臭氧,普通,7.8,0.38,62,49,30,13,3,14.8,1.87,2016-05-25 16:00
屏東縣,恆春,0,,,0.8,0.15,38,13,,,,,,2016-05-25 17:00
屏東縣,潮州,37,,良好,2.3,0.19,41,27,19,2.3,2,3.13,.8,2016-05-25 17:00
屏東縣,屏東,46,,良好,5,0.34,47,50,33,11,3,12.34,1.72,2016-05-25 17:00
屏東縣,恆春,28,,良好,0.7,0.14,33,18,,2.3,,3.99,1.71,2016-05-25 18:00
屏東縣,潮州,35,,良好,1.9,0.21,38,31,13,3,2,3.82,.78,2016-05-25 18:00
屏東縣,屏東,47,,良好,12,0.53,34,51,23,22,3,23.96,2.02,2016-05-25 18:00
屏東縣,恆春,24,,良好,0.8,0.11,28,15,,2.5,,4.52,1.99,2016-05-25 19:00
屏東縣,潮州,36,,良好,2.2,0.25,34,43,19,4.9,2,5.53,.69,2016-05-25 19:00
屏東縣,屏東,48,,良好,6.6,0.51,34,46,26,19,3,20.8,1.32,2016-05-25 19:00
屏東縣,恆春,18,,良好,0.8,0.11,22,15,,2.1,,4.5,2.37,2016-05-25 20:00
屏東縣,潮州,37,,良好,2.1,0.27,30,43,24,7.1,2,7.81,.73,2016-05-25 20:00
屏東縣,屏東,48,,良好,5.7,0.61,23,45,27,22,3,22.9,1.14,2016-05-25 20:00
屏東縣,恆春,18,,良好,0.8,0.11,22,16,,2.5,,5.02,2.55,2016-05-25 21:00
屏東縣,潮州,39,,良好,2.1,0.23,21,46,32,7.6,2,8.53,.99,2016-05-25 21:00
屏東縣,屏東,47,,良好,4.5,0.5,25,39,27,14,3,15.46,.98,2016-05-25 21:00
屏東縣,恆春,22,,良好,0.8,0.09,26,13,,1.7,,3.43,1.77,2016-05-25 22:00
屏東縣,潮州,40,,良好,1.9,0.21,16,40,27,5.6,2,6.51,.96,2016-05-25 22:00
屏東縣,屏東,45,,良好,4.2,0.55,23,40,26,16,3,17.06,1.14,2016-05-25 22:00
屏東縣,恆春,25,,良好,0.9,0.08,30,12,,0.9,,3.05,2.11,2016-05-25 23:00
屏東縣,潮州,41,,良好,1.8,0.2,14,45,13,5.5,2,6.25,.77,2016-05-25 23:00
屏東縣,屏東,44,,良好,2.6,0.48,21,41,22,16,3,16.45,.86,2016-05-25 23:00
屏東縣,恆春,22,,良好,0.6,0.08,26,11,,1.6,,3.7,2.07,2016-05-26 00:00
屏東縣,潮州,41,,良好,1.9,0.19,16,42,13,3.7,2,4.43,.69,2016-05-26 00:00
屏東縣,屏東,45,,良好,2.4,0.46,18,51,18,15,3,16.01,1.01,2016-05-26 00:00
屏東縣,恆春,24,,良好,0.1,0.07,29,11,,1.3,,3.53,2.24,2016-05-26 01:00
屏東縣,潮州,40,,良好,1.8,0.18,16,43,17,3.7,2,4.55,.89,2016-05-26 01:00
屏東縣,屏東,46,,良好,2.2,0.4,16,50,12,12,2,12.95,1.02,2016-05-26 01:00
屏東縣,恆春,18,,良好,0.7,0.09,22,10,,2.6,,5.21,2.64,2016-05-26 02:00
屏東縣,潮州,39,,良好,1.3,0.17,15,34,30,3.4,2,4.33,.98,2016-05-26 02:00
屏東縣,屏東,45,,良好,2.1,0.29,17,36,6,9.8,2,10.84,1,2016-05-26 02:00
屏東縣,恆春,14,,良好,0.7,0.09,17,12,,2.6,,4.34,1.79,2016-05-26 03:00
屏東縣,潮州,39,,良好,1.2,0.17,14,39,28,3.2,2,3.93,.78,2016-05-26 03:00
屏東縣,屏東,42,,良好,1.9,0.27,13,26,6,10,2,11.6,1.19,2016-05-26 03:00
屏東縣,恆春,18,,良好,0.7,0.09,22,14,,,,,,2016-05-26 04:00
屏東縣,潮州,39,,良好,1.1,0.16,15,39,16,2.4,2,3.53,1.1,2016-05-26 04:00
屏東縣,屏東,38,,良好,2.1,0.27,12,25,4,10,2,11.13,1.02,2016-05-26 04:00
屏東縣,恆春,17,,良好,0.6,0.11,20,15,,,,,,2016-05-26 05:00
屏東縣,潮州,41,,良好,1.2,0.16,15,50,4,3.1,2,3.93,.87,2016-05-26 05:00
屏東縣,屏東,35,,良好,2,0.26,13,35,9,8.9,2,9.91,1.06,2016-05-26 05:00
屏東縣,恆春,17,,良好,0.8,0.1,21,13,,3.2,,3.25,.03,2016-05-26 06:00
屏東縣,潮州,43,,良好,1.2,0.17,14,44,0,2.9,2,3.53,.64,2016-05-26 06:00
屏東縣,屏東,35,,良好,2,0.28,13,36,8,8.6,1,10,1.39,2016-05-26 06:00
屏東縣,恆春,22,,良好,0.8,0.09,26,11,,,,,,2016-05-26 07:00
屏東縣,潮州,42,,良好,1.4,0.2,14,33,4,5.6,2,7.51,1.93,2016-05-26 07:00
屏東縣,屏東,36,,良好,2.2,0.34,14,37,16,9,2,11.82,2.84,2016-05-26 07:00
屏東縣,恆春,28,,良好,1.1,0.08,34,9,,3.4,,3.09,-.26,2016-05-26 08:00
屏東縣,潮州,39,,良好,1.5,0.2,29,27,4,3.4,1,5.14,1.79,2016-05-26 08:00
屏東縣,屏東,39,,良好,2.6,0.43,25,47,15,8.9,2,12.33,3.48,2016-05-26 08:00
屏東縣,恆春,30,,良好,1.1,0.07,36,10,,3.2,,2.84,-.37,2016-05-26 09:00
屏東縣,潮州,36,,良好,2.3,0.15,39,30,11,3,1,4.09,1.14,2016-05-26 09:00
屏東縣,屏東,41,,良好,3.1,0.35,33,49,15,7.6,2,10.21,2.66,2016-05-26 09:00
屏東縣,恆春,33,,良好,1.1,0.07,40,11,,,,,,2016-05-26 10:00
屏東縣,潮州,35,,良好,1.7,0.1,38,35,8,0.9,1,1.92,1.02,2016-05-26 10:00
屏東縣,屏東,42,,良好,2.8,0.29,36,45,10,6.4,2,8.4,1.99,2016-05-26 10:00
屏東縣,恆春,34,,良好,1.9,0.07,41,10,,3.7,,5.73,1.99,2016-05-26 11:00
屏東縣,潮州,34,,良好,,,39,29,8,,1,,,2016-05-26 11:00
屏東縣,屏東,41,,良好,2.6,0.24,36,29,13,5.4,2,7.08,1.73,2016-05-26 11:00
屏東縣,恆春,34,,良好,1.1,0.07,41,13,,2.6,,4.61,2.05,2016-05-26 12:00
屏東縣,潮州,33,,良好,,,,25,0,,1,,,2016-05-26 12:00
屏東縣,屏東,38,,良好,2.8,0.24,34,31,18,5.7,2,7.57,1.82,2016-05-26 12:00
屏東縣,恆春,33,,良好,1,0.07,40,13,,2.7,,4.98,2.28,2016-05-26 13:00
屏東縣,潮州,32,,良好,1.3,0.09,37,27,0,0.2,1,.91,.69,2016-05-26 13:00
屏東縣,屏東,34,,良好,2.9,0.19,37,29,21,4.2,2,6,1.83,2016-05-26 13:00
屏東縣,恆春,34,,良好,1.1,0.07,41,11,,3.2,,4.93,1.78,2016-05-26 14:00
屏東縣,潮州,32,,良好,1.3,0.09,38,30,0,0.2,1,1.28,1.07,2016-05-26 14:00
屏東縣,屏東,36,,良好,3.1,0.18,43,29,14,4.5,2,6.01,1.48,2016-05-26 14:00
屏東縣,恆春,33,,良好,1.2,0.07,39,11,,2.9,,5.24,2.35,2016-05-26 15:00
屏東縣,潮州,31,,良好,1.3,0.1,37,27,0,0.2,,1.08,.84,2016-05-26 15:00
屏東縣,屏東,35,,良好,3,0.2,42,17,10,5.9,2,7.33,1.4,2016-05-26 15:00
屏東縣,恆春,32,,良好,1.2,0.06,39,14,7,3.1,,5.33,2.26,2016-05-26 16:00
屏東縣,潮州,29,,良好,1.3,0.1,35,23,0,1.3,,2.24,.91,2016-05-26 16:00
屏東縣,屏東,34,,良好,3.4,0.23,41,16,8,7.4,2,8.98,1.55,2016-05-26 16:00
屏東縣,恆春,31,,良好,0.9,0.07,37,11,1,2.7,,4.84,2.11,2016-05-26 17:00
屏東縣,潮州,27,,良好,1.3,0.1,33,14,3,1.2,1,1.86,.69,2016-05-26 17:00
屏東縣,屏東,27,,良好,2.8,0.27,32,16,15,7.7,2,9.69,1.97,2016-05-26 17:00
屏東縣,恆春,29,,良好,1.1,0.07,35,8,0,3.6,,5.88,2.33,2016-05-26 18:00
屏東縣,潮州,26,,良好,1.5,0.14,31,19,8,2.8,1,3.65,.87,2016-05-26 18:00
屏東縣,屏東,24,,良好,2.7,0.32,27,18,16,7.8,2,9.74,1.91,2016-05-26 18:00
屏東縣,恆春,26,,良好,1.3,0.07,32,10,0,3.6,,6.37,2.8,2016-05-26 19:00
屏東縣,潮州,24,,良好,1.9,0.17,29,26,7,4.3,1,4.95,.64,2016-05-26 19:00
屏東縣,屏東,24,,良好,2.8,0.52,21,25,16,14,2,16.67,2.42,2016-05-26 19:00
屏東縣,恆春,25,,良好,1,0.07,30,10,0,3.4,,4.82,1.46,2016-05-26 20:00
屏東縣,潮州,26,,良好,1.5,0.16,28,40,10,4.2,1,4.87,.71,2016-05-26 20:00
屏東縣,屏東,24,,良好,2.3,0.38,21,26,13,11,2,12.99,1.56,2016-05-26 20:00
屏東縣,恆春,25,,良好,1,0.07,30,11,0,3.3,,5.51,2.24,2016-05-26 21:00
屏東縣,潮州,29,,良好,1.4,0.14,24,34,13,4.8,1,5.76,.92,2016-05-26 21:00
屏東縣,屏東,25,,良好,2.5,0.52,18,30,9,14,2,16.03,1.58,2016-05-26 21:00
屏東縣,恆春,25,,良好,1,0.07,30,13,1,2.9,,4.71,1.78,2016-05-26 22:00
屏東縣,潮州,30,,良好,1.4,0.13,13,30,14,7.4,1,8.6,1.24,2016-05-26 22:00
屏東縣,屏東,26,,良好,2.6,0.53,17,27,13,14,2,16.19,2.17,2016-05-26 22:00
屏東縣,恆春,24,,良好,0.9,0.07,29,12,0,3.1,1,4.62,1.53,2016-05-26 23:00
屏東縣,潮州,29,,良好,1.2,0.11,13,21,11,3.7,1,4.88,1.15,2016-05-26 23:00
屏東縣,屏東,25,,良好,2.5,0.29,22,22,15,9.1,2,10.63,1.54,2016-05-26 23:00
屏東縣,恆春,23,,良好,0.7,0.08,28,12,0,2.8,1,4.79,1.95,2016-05-27 00:00
屏東縣,潮州,26,,良好,1.2,0.12,8,21,5,5.9,1,7.16,1.27,2016-05-27 00:00
屏東縣,屏東,23,,良好,2.1,0.27,15,14,14,11,2,12.12,1.06,2016-05-27 00:00
屏東縣,恆春,21,,良好,0.7,0.08,25,14,2,2.6,1,4.84,2.22,2016-05-27 01:00
屏東縣,屏東,19,,良好,2.2,0.26,12,9,15,12,2,13.25,1.11,2016-05-27 01:00
屏東縣,恆春,22,,良好,1,0.08,26,15,2,3.2,1,5.92,2.76,2016-05-27 02:00
屏東縣,潮州,20,,良好,1.3,0.1,9.3,12,0,4.9,1,6.11,1.24,2016-05-27 02:00
屏東縣,屏東,16,,良好,2.1,0.17,13,13,9,9.5,2,10.78,1.27,2016-05-27 02:00
屏東縣,恆春,22,,良好,0.9,0.08,27,16,2,3,1,4.67,1.7,2016-05-27 03:00
屏東縣,潮州,20,,良好,1.3,0.09,11,22,5,3.2,1,4.45,1.27,2016-05-27 03:00
屏東縣,屏東,16,,良好,2,0.16,13,20,6,7.5,2,8.47,1.02,2016-05-27 03:00
屏東縣,恆春,23,,良好,0.9,0.08,27,16,1,3.6,1,5.48,1.89,2016-05-27 04:00
屏東縣,潮州,21,,良好,1.3,0.09,9.5,27,2,4.1,1,5.1,1.05,2016-05-27 04:00
屏東縣,屏東,17,,良好,2,0.19,7.9,21,0,9.7,1,11.25,1.55,2016-05-27 04:00
屏東縣,恆春,22,,良好,0.9,0.08,26,17,2,3.1,1,4.79,1.69,2016-05-27 05:00
屏東縣,潮州,23,,良好,1.3,0.1,4.4,27,2,9.2,1,11.92,2.68,2016-05-27 05:00
屏東縣,屏東,20,,良好,2.4,0.22,6.7,25,4,9.5,1,10.85,1.37,2016-05-27 05:00
屏東縣,恆春,21,,良好,0.9,0.08,25,17,5,3.5,1,5.2,1.72,2016-05-27 06:00
屏東縣,潮州,23,,良好,1.4,0.14,5.6,11,0,8.4,1,12.19,3.84,2016-05-27 06:00
屏東縣,屏東,22,,良好,2.4,0.24,6.6,24,12,10,1,12.26,1.95,2016-05-27 06:00
屏東縣,恆春,21,,良好,1,0.08,26,13,3,3.7,1,5.75,2.02,2016-05-27 07:00
屏東縣,潮州,21,,良好,1.4,0.13,11,15,2,4.7,1,7.8,3.11,2016-05-27 07:00
屏東縣,屏東,23,,良好,2.6,0.32,11,26,9,8,1,12.32,4.3,2016-05-27 07:00
屏東縣,恆春,21,,良好,1,0.08,25,18,1,3.2,1,4.71,1.53,2016-05-27 08:00
屏東縣,潮州,20,,良好,1.8,0.14,24,14,2,2.5,1,4.57,2.04,2016-05-27 08:00
屏東縣,屏東,23,,良好,3.9,0.43,21,27,7,8.3,1,12.8,4.46,2016-05-27 08:00
屏東縣,恆春,22,,良好,0.9,0.08,27,15,2,3.5,1,5.4,1.91,2016-05-27 09:00
屏東縣,潮州,30,,良好,2.4,0.16,36,17,10,2.9,1,4.33,1.48,2016-05-27 09:00
屏東縣,屏東,28,,良好,4.6,0.33,33,29,0,6.7,1,9.1,2.4,2016-05-27 09:00
屏東縣,恆春,24,,良好,1.1,0.08,29,11,1,3.4,1,5.49,2.05,2016-05-27 10:00
屏東縣,潮州,26,,良好,1.3,0.12,31,19,10,1.7,1,3.16,1.45,2016-05-27 10:00
屏東縣,屏東,27,,良好,3.4,0.26,33,25,4,6.3,1,8.54,2.28,2016-05-27 10:00
屏東縣,恆春,25,,良好,1,0.08,30,19,2,3.4,1,5.21,1.77,2016-05-27 11:00
屏東縣,潮州,26,,良好,1.3,0.11,32,29,10,1.4,1,2.82,1.46,2016-05-27 11:00
屏東縣,屏東,24,,良好,2.9,0.21,28,23,14,4.1,1,6.22,2.1,2016-05-27 11:00
屏東縣,恆春,26,,良好,1.1,0.08,31,19,3,3.3,1,5.29,2.04,2016-05-27 12:00
屏東縣,潮州,27,,良好,1.3,0.1,32,38,10,1.2,1,2.76,1.54,2016-05-27 12:00
屏東縣,屏東,24,,良好,2.9,0.23,28,20,17,4.7,1,7.05,2.32,2016-05-27 12:00
屏東縣,恆春,29,,良好,1.4,0.08,35,19,6,3.7,1,5.16,1.47,2016-05-27 13:00
屏東縣,潮州,27,,良好,1.5,0.09,32,40,7,0.9,1,2.28,1.39,2016-05-27 13:00
屏東縣,屏東,23,,良好,3,0.21,28,24,15,4.6,1,7.21,2.61,2016-05-27 13:00
屏東縣,恆春,28,,良好,1.1,0.07,34,22,5,3.3,1,5.57,2.27,2016-05-27 14:00
屏東縣,潮州,30,,良好,1.3,0.09,32,33,7,0.6,1,1.94,1.33,2016-05-27 14:00
屏東縣,屏東,25,,良好,2.8,0.15,30,22,1,3.6,1,5.9,2.32,2016-05-27 14:00
屏東縣,恆春,28,,良好,1,0.07,34,18,0,3,1,4.66,1.7,2016-05-27 15:00
屏東縣,潮州,30,,良好,1.3,0.09,32,27,0,0.6,1,1.97,1.42,2016-05-27 15:00
屏東縣,屏東,25,,良好,3,0.17,30,23,2,3.9,1,6.29,2.37,2016-05-27 15:00
屏東縣,恆春,28,,良好,1,0.07,34,13,0,3.1,1,4.76,1.66,2016-05-27 16:00
屏東縣,潮州,28,,良好,1.4,0.1,31,24,0,0.6,1,1.8,1.17,2016-05-27 16:00
屏東縣,屏東,25,,良好,3.7,0.2,31,19,8,5,1,7.1,2.09,2016-05-27 16:00
屏東縣,恆春,26,,良好,0.9,0.07,31,12,0,3.1,1,5.52,2.47,2016-05-27 17:00
屏東縣,潮州,27,,良好,1.5,0.11,32,23,0,1,1,2.1,1.12,2016-05-27 17:00
屏東縣,屏東,28,,良好,4.4,0.29,33,24,17,8.1,1,10.26,2.21,2016-05-27 17:00
屏東縣,恆春,26,,良好,0.9,0.07,31,12,0,3.1,1,5.52,2.47,2016-05-27 17:00
屏東縣,潮州,27,,良好,1.5,0.11,32,23,0,1,1,2.1,1.12,2016-05-27 17:00
屏東縣,屏東,28,,良好,4.4,0.29,33,24,17,8.1,1,10.26,2.21,2016-05-27 17:00
屏東縣,恆春,26,,良好,1.1,0.08,31,14,0,3.5,,5.18,1.72,2016-05-27 18:00
屏東縣,潮州,27,,良好,1.3,0.12,32,30,0,0.9,,1.88,.97,2016-05-27 18:00
屏東縣,屏東,26,,良好,5.2,0.46,31,22,16,12,1,14.3,2.51,2016-05-27 18:00
屏東縣,恆春,25,,良好,1.1,0.07,30,15,1,3.3,1,6.11,2.8,2016-05-27 19:00
屏東縣,潮州,27,,良好,1.4,0.13,28,28,3,1.8,1,2.89,1.09,2016-05-27 19:00
屏東縣,屏東,23,,良好,4.4,0.54,23,23,9,14,1,16.74,2.33,2016-05-27 19:00
屏東縣,恆春,23,,良好,1,0.07,28,20,1,4,1,5.75,1.74,2016-05-27 20:00
屏東縣,潮州,28,,良好,1.4,0.16,22,33,16,5.3,1,6.26,.96,2016-05-27 20:00
屏東縣,屏東,23,,良好,3.4,0.52,20,25,5,13,1,14.71,1.88,2016-05-27 20:00
屏東縣,恆春,23,,良好,1,0.08,28,22,0,3.7,1,5.35,1.7,2016-05-27 21:00
屏東縣,潮州,29,,良好,1.3,0.15,15,26,16,8.3,1,9.89,1.58,2016-05-27 21:00
屏東縣,屏東,24,,良好,3,0.57,15,26,10,15,1,17.08,2.53,2016-05-27 21:00
屏東縣,恆春,23,,良好,1.1,0.07,28,18,0,3.9,1,5.38,1.48,2016-05-27 22:00
屏東縣,潮州,29,,良好,1.3,0.11,20,25,18,3.7,2,4.82,1.1,2016-05-27 22:00
屏東縣,屏東,26,,良好,3.1,0.61,10,37,10,18,1,20.94,3.38,2016-05-27 22:00
屏東縣,恆春,23,,良好,1,0.06,28,16,0,3.8,1,5.23,1.47,2016-05-27 23:00
屏東縣,潮州,27,,良好,1.3,0.1,17,19,10,3.6,2,4.87,1.3,2016-05-27 23:00
屏東縣,屏東,28,,良好,3.3,0.58,7.6,35,15,19,1,22.56,3.57,2016-05-27 23:00
屏東縣,恆春,23,,良好,1.3,0.07,28,19,0,3.5,,5.22,1.76,2016-05-28 00:00
屏東縣,潮州,25,,良好,1.2,0.1,15,23,12,2.9,2,4.31,1.41,2016-05-28 00:00
屏東縣,屏東,29,,良好,2.5,0.36,11,33,13,13,1,15.21,2.07,2016-05-28 00:00
屏東縣,恆春,22,,良好,1.3,0.07,27,19,1,3.6,1,5.23,1.59,2016-05-28 01:00
屏東縣,潮州,23,,良好,1.1,0.09,15,17,7,3.1,1,4.28,1.2,2016-05-28 01:00
屏東縣,屏東,29,,良好,1.8,0.29,12,20,16,11,2,12.86,1.65,2016-05-28 01:00
屏東縣,恆春,23,,良好,1.1,0.06,27,18,1,3.7,1,5.4,1.66,2016-05-28 02:00
屏東縣,潮州,21,,良好,1.9,0.09,16,12,5,3.1,1,4.39,1.27,2016-05-28 02:00
屏東縣,屏東,26,,良好,0.7,0.2,13,19,9,8.8,2,10.2,1.4,2016-05-28 02:00
屏東縣,恆春,22,,良好,1.1,0.06,27,16,0,3.4,1,5.42,1.98,2016-05-28 03:00
屏東縣,潮州,19,,良好,2,0.08,16,11,10,2.7,1,3.9,1.22,2016-05-28 03:00
屏東縣,屏東,24,,良好,1.9,0.23,9.7,19,12,9.4,2,10.98,1.56,2016-05-28 03:00
屏東縣,恆春,20,,良好,1.1,0.06,24,20,1,3.4,1,4.23,.82,2016-05-28 04:00
屏東縣,潮州,18,,良好,2.1,0.08,14,19,6,3,1,2.52,-.44,2016-05-28 04:00
屏東縣,屏東,21,,良好,1.7,0.24,8.6,13,14,12,2,12.93,.73,2016-05-28 04:00
屏東縣,恆春,20,,良好,1,0.06,24,23,0,2.9,1,3.58,.65,2016-05-28 05:00
屏東縣,潮州,21,,良好,2,0.08,14,32,9,2.9,1,2.99,.05,2016-05-28 05:00
屏東縣,屏東,19,,良好,0.9,0.18,8.3,8,,9.9,2,10.8,.91,2016-05-28 05:00
屏東縣,恆春,20,,良好,1.2,0.06,24,22,0,2.7,1,3.67,.94,2016-05-28 06:00
屏東縣,潮州,24,,良好,2,0.09,14,38,11,3.5,1,3.79,.27,2016-05-28 06:00
屏東縣,屏東,16,,良好,0.9,0.23,7.2,2,,11,,12.04,1.51,2016-05-28 06:00
屏東縣,恆春,22,,良好,1.4,0.07,26,22,3,3.4,1,4.08,.68,2016-05-28 07:00
屏東縣,潮州,29,,良好,2.3,0.14,15,43,15,4.1,1,4.64,.54,2016-05-28 07:00
屏東縣,屏東,14,,良好,1.3,0.33,9.4,7,,11,,15.16,3.74,2016-05-28 07:00
屏東縣,恆春,26,,良好,1.4,0.07,31,24,5,2.4,1,3.57,1.19,2016-05-28 08:00
屏東縣,潮州,32,,良好,2.4,0.17,19,38,24,6.1,2,8.16,2.07,2016-05-28 08:00
屏東縣,屏東,15,,良好,2,0.48,18,12,,12,,16.58,4.81,2016-05-28 08:00
屏東縣,恆春,27,,良好,1.3,0.07,32,24,4,2,1,2.84,.84,2016-05-28 09:00
屏東縣,潮州,33,,良好,2.4,0.15,29,39,25,2.5,2,3.04,.52,2016-05-28 09:00
屏東縣,屏東,20,,良好,2.1,0.31,24,22,23,8.3,,11.3,3.04,2016-05-28 09:00
屏東縣,恆春,25,,良好,1.1,0.07,30,20,2,2.1,1,3.15,1.01,2016-05-28 10:00
屏東縣,潮州,32,,良好,2.1,0.1,30,31,24,0.8,2,1.09,.31,2016-05-28 10:00
屏東縣,屏東,24,,良好,1.5,0.22,29,25,15,4.8,,6.48,1.67,2016-05-28 10:00
屏東縣,恆春,25,,良好,0.8,0.06,30,15,4,1.8,1,3.04,1.24,2016-05-28 11:00
屏東縣,潮州,31,,良好,2.1,0.1,29,31,10,0.6,2,1.17,.61,2016-05-28 11:00
屏東縣,屏東,23,,良好,1.5,0.25,28,34,7,5.8,2,7.55,1.75,2016-05-28 11:00
屏東縣,恆春,27,,良好,1,0.07,33,17,5,2.1,1,2.87,.77,2016-05-28 12:00
屏東縣,潮州,30,,良好,2.1,0.1,27,25,9,0.5,2,.73,.22,2016-05-28 12:00
屏東縣,屏東,24,,良好,1.6,0.2,29,28,1,4.5,2,6.14,1.65,2016-05-28 12:00
屏東縣,恆春,24,,良好,0.9,0.07,29,21,0,2,1,2.21,.24,2016-05-28 13:00
屏東縣,潮州,29,,良好,2,0.09,28,27,9,0.3,2,.57,.25,2016-05-28 13:00
屏東縣,屏東,28,,良好,1.6,0.18,33,21,9,4.4,1,5.53,1.15,2016-05-28 13:00
屏東縣,恆春,24,,良好,1,0.06,29,16,0,1.5,1,2.6,1.11,2016-05-28 14:00
屏東縣,潮州,29,,良好,2.1,0.09,28,26,23,-0.1,2,-.09,.05,2016-05-28 14:00
屏東縣,屏東,27,,良好,3.3,0.25,33,15,14,6,1,7.51,1.51,2016-05-28 14:00
屏東縣,恆春,22,,良好,1,0.08,27,19,2,1.9,1,2.43,.52,2016-05-28 16:00
屏東縣,潮州,31,,良好,2.2,0.11,30,34,13,0.3,2,.38,.05,2016-05-28 16:00
屏東縣,屏東,30,,良好,5.1,0.31,36,41,14,7.9,2,9.34,1.43,2016-05-28 16:00
屏東縣,恆春,24,,良好,1,0.09,28,21,2,2.5,1,3.64,1.09,2016-05-28 17:00
屏東縣,潮州,32,,良好,2.4,0.12,28,34,11,1.1,2,1.45,.36,2016-05-28 17:00
屏東縣,屏東,26,,良好,6.7,0.33,27,36,12,12,2,14.68,2.82,2016-05-28 17:00
屏東縣,恆春,22,,良好,1.1,0.09,26,22,2,2.5,1,3.7,1.25,2016-05-28 18:00
屏東縣,潮州,32,,良好,2.8,0.13,24,31,7,1.1,2,1.25,.14,2016-05-28 18:00
屏東縣,屏東,29,,良好,4,0.23,18,35,10,9,2,11.06,2.08,2016-05-28 18:00
屏東縣,恆春,20,,良好,1,0.1,24,21,1,2.3,1,2.99,.74,2016-05-28 19:00
屏東縣,潮州,33,,良好,2.8,0.16,22,39,16,2.5,2,2.49,.03,2016-05-28 19:00
屏東縣,屏東,31,,良好,3.1,0.24,17,31,10,9.2,2,10.59,1.38,2016-05-28 19:00
屏東縣,恆春,21,,良好,1.1,0.08,23,25,1,2.9,1,3.62,.71,2016-05-28 20:00
屏東縣,潮州,35,,良好,2.9,0.16,19,45,4,4.2,2,4.35,.13,2016-05-28 20:00
屏東縣,屏東,32,,良好,3.4,0.28,14,40,12,10,1,11.15,.96,2016-05-28 20:00
屏東縣,恆春,22,,良好,1.1,0.07,25,27,1,2.4,1,3.68,1.3,2016-05-28 21:00
屏東縣,潮州,37,,良好,3,0.23,15,45,8,5.1,1,5.24,.18,2016-05-28 21:00
屏東縣,屏東,34,,良好,3,0.34,12,40,7,12,1,12.44,.92,2016-05-28 21:00
屏東縣,恆春,22,,良好,1.1,0.07,24,23,0,2.3,1,3.23,.95,2016-05-28 22:00
屏東縣,潮州,37,,良好,3.2,0.28,9,33,5,9.5,1,10,.55,2016-05-28 22:00
屏東縣,屏東,34,,良好,2.7,0.33,13,37,12,13,1,13.64,.84,2016-05-28 22:00
屏東縣,恆春,22,,良好,1.1,0.07,24,23,0,2.3,1,3.23,.95,2016-05-28 22:00
屏東縣,潮州,37,,良好,3.2,0.28,9,33,5,9.5,1,10,.55,2016-05-28 22:00
屏東縣,屏東,34,,良好,2.7,0.33,13,37,12,13,1,13.64,.84,2016-05-28 22:00
屏東縣,恆春,23,,良好,1,0.07,23,22,0,2.1,1,2.59,.49,2016-05-28 23:00
屏東縣,潮州,37,,良好,2.5,0.2,9.4,37,10,6.3,1,6.85,.51,2016-05-28 23:00
屏東縣,屏東,34,,良好,2.4,0.28,13,27,18,12,2,12.28,.76,2016-05-28 23:00
屏東縣,恆春,22,,良好,0.9,0.07,24,22,0,1.7,1,1.99,.26,2016-05-29 00:00
屏東縣,潮州,37,,良好,2.4,0.19,5,40,8,8.1,1,9.36,1.24,2016-05-29 00:00
屏東縣,屏東,32,,良好,2.2,0.29,13,26,26,10,2,11.25,.76,2016-05-29 00:00
屏東縣,恆春,22,,良好,0.9,0.07,24,21,0,2.1,,2.53,.4,2016-05-29 01:00
屏東縣,潮州,37,,良好,2.3,0.18,6,40,12,5.8,1,6.98,1.14,2016-05-29 01:00
屏東縣,屏東,29,,良好,2.3,0.29,9.4,21,16,13,2,13.51,.96,2016-05-29 01:00
屏東縣,恆春,21,,良好,1.1,0.06,25,16,0,1.7,,3.04,1.39,2016-05-29 02:00
屏東縣,潮州,36,,良好,1.8,0.2,5.3,29,7,5.7,1,6.26,.55,2016-05-29 02:00
屏東縣,屏東,29,,良好,2.1,0.24,10,29,14,10,2,11.17,.82,2016-05-29 02:00
屏東縣,恆春,21,,良好,1.1,0.06,25,16,0,1.7,,3.04,1.39,2016-05-29 02:00
屏東縣,潮州,36,,良好,1.8,0.2,5.3,29,7,5.7,1,6.26,.55,2016-05-29 02:00
屏東縣,屏東,29,,良好,2.1,0.24,10,29,14,10,2,11.17,.82,2016-05-29 02:00
屏東縣,恆春,20,,良好,1.1,0.06,24,21,3,1.7,1,5.14,3.49,2016-05-29 04:00
屏東縣,潮州,33,,良好,1.7,0.2,2.3,29,11,9.7,1,13.98,4.25,2016-05-29 04:00
屏東縣,屏東,29,,良好,1.1,0.28,4,32,12,13,2,14,1.24,2016-05-29 04:00
屏東縣,恆春,20,,良好,1.1,0.07,23,22,2,2,1,5.48,3.52,2016-05-29 05:00
屏東縣,潮州,31,,良好,1.7,0.22,2.8,29,15,9.1,1,13.29,4.19,2016-05-29 05:00
屏東縣,屏東,32,,良好,1.1,0.25,5.1,39,9,11,2,12.55,1.2,2016-05-29 05:00
屏東縣,恆春,22,,良好,1,0.07,24,21,1,1,1,4.54,3.55,2016-05-29 07:00
屏東縣,潮州,33,,良好,1.8,0.27,4,34,9,8,1,14.25,6.28,2016-05-29 07:00
屏東縣,屏東,36,,良好,1.1,0.34,9.5,45,16,8.8,2,12.03,3.21,2016-05-29 07:00
屏東縣,恆春,21,,良好,0.9,0.07,25,19,0,1.2,1,5.04,3.86,2016-05-29 08:00
屏東縣,潮州,34,,良好,2.1,0.3,9.6,36,12,9.2,2,15.38,6.15,2016-05-29 08:00
屏東縣,屏東,37,,良好,1.9,0.32,19,41,17,7.4,2,10.48,3.14,2016-05-29 08:00
屏東縣,恆春,22,,良好,1,0.07,26,16,1,1.3,1,4.71,3.44,2016-05-29 09:00
屏東縣,潮州,34,,良好,2.5,0.24,28,35,19,6.8,2,9.01,2.19,2016-05-29 09:00
屏東縣,屏東,38,,良好,1.5,0.23,27,45,23,5.1,2,6.77,1.67,2016-05-29 09:00
屏東縣,恆春,23,,良好,1.1,0.07,27,14,1,,1,,,2016-05-29 10:00
屏東縣,潮州,35,,良好,3.1,0.23,40,40,13,5.6,2,7.63,2.07,2016-05-29 10:00
屏東縣,屏東,38,,良好,1.2,0.22,32,36,15,6.1,2,7.56,1.51,2016-05-29 10:00
屏東縣,恆春,23,,良好,0.9,0.08,28,16,3,2.4,1,4.74,2.33,2016-05-29 11:00
屏東縣,潮州,37,,良好,4.5,0.21,40,45,17,5.9,2,8.13,2.24,2016-05-29 11:00
屏東縣,屏東,37,,良好,-0.2,0.2,34,36,13,4.5,2,5.72,1.18,2016-05-29 11:00
屏東縣,恆春,23,,良好,1,0.08,27,19,3,2.3,1,4.31,2.06,2016-05-29 12:00
屏東縣,潮州,39,,良好,6.7,0.33,42,49,6,7.8,2,10.47,2.71,2016-05-29 12:00
屏東縣,屏東,38,,良好,-0.5,0.19,34,42,7,3.8,2,5.01,1.21,2016-05-29 12:00
屏東縣,恆春,25,,良好,1.1,0.07,30,19,2,2.6,1,4.8,2.22,2016-05-29 13:00
屏東縣,潮州,40,,良好,7.3,0.36,39,46,13,7.6,2,10.47,2.84,2016-05-29 13:00
屏東縣,屏東,37,,良好,,0.18,29,35,14,3.4,2,4.66,1.29,2016-05-29 13:00
屏東縣,恆春,24,,良好,1,0.08,28,20,1,2.6,1,4.29,1.73,2016-05-29 14:00
屏東縣,潮州,43,,良好,8,0.42,31,51,8,8.9,2,12.68,3.74,2016-05-29 14:00
屏東縣,屏東,36,,良好,-0.4,0.16,25,28,14,3.3,2,4.85,1.52,2016-05-29 14:00
屏東縣,恆春,22,,良好,0.9,0.08,26,19,3,2.2,1,3.86,1.65,2016-05-29 15:00
屏東縣,潮州,44,,良好,6.5,0.31,31,50,14,6.7,2,9.66,2.97,2016-05-29 15:00
屏東縣,屏東,34,,良好,,0.14,22,19,18,3,2,4.51,1.5,2016-05-29 15:00
屏東縣,恆春,20,,良好,0.9,0.08,24,18,3,2.5,1,4.04,1.56,2016-05-29 16:00
屏東縣,潮州,45,,良好,5.5,0.2,26,49,7,6,2,9.12,3.16,2016-05-29 16:00
屏東縣,屏東,31,,良好,,0.16,17,25,9,3.9,2,5.98,2.11,2016-05-29 16:00
屏東縣,恆春,19,,良好,0.9,0.08,23,21,3,2.3,1,4.61,2.33,2016-05-29 17:00
屏東縣,潮州,46,,良好,3,0.14,27,46,10,3.9,1,6.1,2.19,2016-05-29 17:00
屏東縣,屏東,30,,良好,-0.5,0.19,13,28,14,4.9,2,7.03,2.15,2016-05-29 17:00
屏東縣,恆春,20,,良好,1,0.08,24,24,4,3.1,1,4.87,1.76,2016-05-29 18:00
屏東縣,潮州,45,,良好,2.9,0.15,21,43,4,5,1,7.1,2.1,2016-05-29 18:00
屏東縣,屏東,30,,良好,0.1,0.22,9,29,14,5.4,2,7.48,2.13,2016-05-29 18:00
屏東縣,恆春,20,,良好,1.1,0.08,24,23,4,2.4,1,4.33,1.9,2016-05-29 19:00
屏東縣,潮州,44,,良好,2.7,0.19,17,40,18,7.6,1,9.18,1.6,2016-05-29 19:00
屏東縣,屏東,31,,良好,0.2,0.26,7.7,33,14,7.2,2,8.69,1.51,2016-05-29 19:00
屏東縣,恆春,21,,良好,1.1,0.07,24,22,3,2.6,1,5.11,2.55,2016-05-29 20:00
屏東縣,潮州,43,,良好,2.5,0.25,15,39,12,7.7,1,9.05,1.39,2016-05-29 20:00
屏東縣,屏東,31,,良好,0.4,0.25,8.7,27,12,6,2,7.44,1.43,2016-05-29 20:00
屏東縣,恆春,21,,良好,1.2,0.07,22,23,3,2.8,1,4.96,2.16,2016-05-29 21:00
屏東縣,潮州,43,,良好,1.9,0.22,16,41,20,6.3,2,7.52,1.23,2016-05-29 21:00
屏東縣,屏東,30,,良好,0.5,0.23,5.9,27,5,5.6,2,6.97,1.35,2016-05-29 21:00
屏東縣,屏東,28,,良好,0.6,0.26,8.2,21,9,8.9,1,10.34,1.44,2016-05-29 22:00
屏東縣,恆春,22,,良好,1.3,0.07,21,25,2,2.7,1,4.39,1.67,2016-05-29 22:00
屏東縣,潮州,42,,良好,2.6,0.21,14,37,17,7.5,2,8.7,1.18,2016-05-29 22:00
屏東縣,恆春,22,,良好,1.3,0.07,21,25,2,2.7,1,4.39,1.67,2016-05-29 22:00
屏東縣,潮州,42,,良好,2.6,0.21,14,37,17,7.5,2,8.7,1.18,2016-05-29 22:00
屏東縣,屏東,28,,良好,0.6,0.26,8.2,21,9,8.9,1,10.34,1.44,2016-05-29 22:00
屏東縣,恆春,22,,良好,1.3,0.07,21,22,1,2.9,1,4.41,1.52,2016-05-29 23:00
屏東縣,潮州,41,,良好,2.3,0.2,14,35,24,6.8,2,7.78,.99,2016-05-29 23:00
屏東縣,屏東,27,,良好,1.7,0.25,10,28,8,11,1,12.04,1.48,2016-05-29 23:00
屏東縣,恆春,22,,良好,1.3,0.07,21,19,1,2.4,1,3.97,1.6,2016-05-30 00:00
屏東縣,潮州,40,,良好,2.3,0.22,5.7,37,24,11,2,12.98,1.73,2016-05-30 00:00
屏東縣,屏東,27,,良好,1.1,0.19,14,31,8,8.8,1,9.94,1.15,2016-05-30 00:00
屏東縣,恆春,22,,良好,1.4,0.07,21,23,3,2.3,1,4.39,2.12,2016-05-30 01:00
屏東縣,潮州,41,,良好,2.3,0.22,4,49,17,10,2,12.4,2.03,2016-05-30 01:00
屏東縣,屏東,27,,良好,1.6,0.18,12,28,15,9.1,1,10.23,1.12,2016-05-30 01:00
屏東縣,恆春,22,,良好,1,0.07,21,26,3,2.8,1,4.35,1.57,2016-05-30 02:00
屏東縣,潮州,42,,良好,2.3,0.19,3,46,12,11,2,13.48,2.76,2016-05-30 02:00
屏東縣,屏東,27,,良好,1.7,0.2,8.5,22,,8.8,1,9.78,1.02,2016-05-30 02:00
屏東縣,恆春,23,,良好,1,0.07,21,24,1,2.6,1,4.37,1.8,2016-05-30 03:00
屏東縣,潮州,43,,良好,2.3,0.15,4.9,41,11,9.1,2,10.77,1.68,2016-05-30 03:00
屏東縣,屏東,26,,良好,1.1,0.17,5.4,22,23,9.1,2,10.25,1.14,2016-05-30 03:00
屏東縣,恆春,23,,良好,1,0.07,21,22,2,2.8,1,6.86,4.03,2016-05-30 04:00
屏東縣,潮州,41,,良好,2,0.14,4.5,31,10,8.2,2,9.32,1.17,2016-05-30 04:00
屏東縣,屏東,26,,良好,1.3,0.18,3.5,29,21,11,2,11.99,1.36,2016-05-30 04:00
屏東縣,恆春,23,,良好,1.1,0.08,21,21,3,2.8,1,6.9,4.14,2016-05-30 05:00
屏東縣,潮州,38,,良好,1.8,0.14,2.6,32,10,9,2,10.87,1.84,2016-05-30 05:00
屏東縣,屏東,27,,良好,1.2,0.17,5.3,32,14,6.3,2,7.66,1.35,2016-05-30 05:00
屏東縣,恆春,22,,良好,1.9,0.12,15,22,3,6.2,1,10.4,4.22,2016-05-30 06:00
屏東縣,潮州,35,,良好,1.7,0.15,3.3,27,7,8.5,2,11.1,2.58,2016-05-30 06:00
屏東縣,屏東,28,,良好,1.3,0.17,4.9,31,16,6.2,2,7.95,1.77,2016-05-30 06:00
屏東縣,恆春,23,,良好,2.4,0.12,15,28,7,6.5,1,10.8,4.31,2016-05-30 07:00
屏東縣,潮州,34,,良好,1.9,0.17,8.1,32,13,6.8,2,10.44,3.62,2016-05-30 07:00
屏東縣,屏東,30,,良好,1.4,0.19,8.7,35,10,4.9,2,8.09,3.24,2016-05-30 07:00
屏東縣,恆春,24,,良好,2.6,0.12,20,27,8,5.4,1,10.13,4.7,2016-05-30 08:00
屏東縣,潮州,34,,良好,2,0.16,21,32,18,4.9,2,6.74,1.83,2016-05-30 08:00
屏東縣,屏東,32,,良好,2,0.24,17,39,8,4.7,2,7.91,3.17,2016-05-30 08:00
屏東縣,恆春,25,,良好,2.2,0.1,27,26,8,4,1,7.86,3.85,2016-05-30 09:00
屏東縣,潮州,35,,良好,2.2,0.15,28,43,29,3.7,2,4.88,1.15,2016-05-30 09:00
屏東縣,屏東,33,,良好,3.9,0.21,22,42,17,4.4,2,6.95,2.51,2016-05-30 09:00
屏東縣,恆春,26,,良好,1.7,0.09,31,22,6,3.2,1,7.18,4.03,2016-05-30 10:00
屏東縣,潮州,38,,良好,2.3,0.14,37,45,31,3.2,2,3.77,.56,2016-05-30 10:00
屏東縣,屏東,36,,良好,2,0.19,28,42,17,2.5,2,3.92,1.46,2016-05-30 10:00
屏東縣,恆春,26,,良好,1.2,0.08,31,23,3,2.6,1,7.1,4.54,2016-05-30 11:00
屏東縣,潮州,40,,良好,3.4,0.2,44,47,32,5.5,2,6.51,1.02,2016-05-30 11:00
屏東縣,屏東,36,,良好,2.6,0.23,38,37,16,4.1,2,5.27,1.15,2016-05-30 11:00
屏東縣,恆春,23,,良好,1,0.07,25,21,3,2.1,1,5.06,2.94,2016-05-30 12:00
屏東縣,潮州,43,,良好,9,0.37,40,51,38,15,3,17.13,2.32,2016-05-30 12:00
屏東縣,屏東,37,,良好,3.4,0.22,43,39,9,6.5,2,7.69,1.21,2016-05-30 12:00
屏東縣,恆春,22,,良好,1,0.07,25,17,3,2.7,1,5.34,2.67,2016-05-30 13:00
屏東縣,潮州,43,,良好,8.2,0.32,40,44,38,11,3,13.68,2.83,2016-05-30 13:00
屏東縣,屏東,36,,良好,3.3,0.19,39,36,20,5.1,2,6.47,1.38,2016-05-30 13:00
屏東縣,恆春,22,,良好,0.9,0.07,25,22,4,1.8,1,5.59,3.75,2016-05-30 14:00
屏東縣,潮州,44,,良好,4.9,0.17,36,50,45,6,3,7.99,1.96,2016-05-30 14:00
屏東縣,屏東,37,,良好,3.5,0.17,29,39,24,3.7,2,5.19,1.49,2016-05-30 14:00
屏東縣,恆春,22,,良好,0.8,0.07,22,23,5,2.1,1,5.06,2.95,2016-05-30 15:00
屏東縣,潮州,44,,良好,3.3,0.14,28,45,25,6.5,3,8.06,1.6,2016-05-30 15:00
屏東縣,屏東,37,,良好,3.1,0.17,23,38,21,4.1,2,6.31,2.18,2016-05-30 15:00
屏東縣,恆春,22,,良好,0.9,0.07,24,23,5,2.3,1,5.6,3.28,2016-05-30 16:00
屏東縣,潮州,44,,良好,2.7,0.12,23,48,18,6,3,7.7,1.67,2016-05-30 16:00
屏東縣,屏東,37,,良好,2.6,0.19,27,32,12,4.6,2,6.57,1.95,2016-05-30 16:00
屏東縣,恆春,23,,良好,0.9,0.08,22,25,3,2.6,1,6.65,4.06,2016-05-30 17:00
屏東縣,潮州,44,,良好,2.8,0.16,20,41,7,8.2,3,10.03,1.87,2016-05-30 17:00
屏東縣,屏東,36,,良好,2,0.21,24,30,14,4.4,2,5.92,1.49,2016-05-30 17:00
屏東縣,恆春,24,,良好,1.3,0.08,24,26,6,3.2,1,6.68,3.51,2016-05-30 18:00
屏東縣,潮州,43,,良好,2.9,0.21,21,40,18,9.8,2,11.61,1.81,2016-05-30 18:00
屏東縣,屏東,33,,良好,2.1,0.24,28,19,,4.8,2,6.09,1.3,2016-05-30 18:00
屏東縣,恆春,24,,良好,1.3,0.08,25,26,4,2.7,1,6.62,3.92,2016-05-30 19:00
屏東縣,潮州,44,,良好,5.2,0.34,13,44,16,15,2,16.38,1.28,2016-05-30 19:00
屏東縣,屏東,31,,良好,2.8,0.37,17,29,26,12,2,13.32,1.39,2016-05-30 19:00
屏東縣,恆春,22,,良好,2,0.08,19,16,0,3.9,1,7.61,3.68,2016-05-30 21:00
屏東縣,潮州,45,,良好,3.1,0.17,8.8,44,1,8.9,2,9.58,.67,2016-05-30 21:00
屏東縣,屏東,31,,良好,3,0.32,7.7,34,15,11,2,12.68,1.34,2016-05-30 21:00
屏東縣,恆春,21,,良好,1.7,0.07,18,20,1,3.4,1,6.71,3.27,2016-05-30 22:00
屏東縣,潮州,43,,良好,2.4,0.15,6.9,29,5,7.9,2,8.75,.87,2016-05-30 22:00
屏東縣,屏東,32,,良好,4.3,0.28,7.5,31,9,12,2,13.22,1.36,2016-05-30 22:00
屏東縣,恆春,21,,良好,1.3,0.08,17,24,5,3.1,1,6.81,3.68,2016-05-30 23:00
屏東縣,潮州,40,,良好,2.1,0.15,6.3,31,7,7.1,2,8.24,1.11,2016-05-30 23:00
屏東縣,屏東,32,,良好,3.3,0.21,11,32,21,8.6,2,9.78,1.21,2016-05-30 23:00
屏東縣,恆春,21,,良好,1.1,0.08,18,20,4,3.6,1,7.16,3.6,2016-05-31 00:00
屏東縣,潮州,38,,良好,2,0.16,3.5,31,10,7.2,1,9.24,2.04,2016-05-31 00:00
屏東縣,屏東,32,,良好,1.2,0.15,12,31,23,5.8,2,6.68,.84,2016-05-31 00:00
屏東縣,恆春,22,,良好,0.4,0.07,19,20,1,2.1,1,6.36,4.24,2016-05-31 01:00
屏東縣,潮州,37,,良好,2.1,0.15,2.8,43,17,7.1,2,9.4,2.35,2016-05-31 01:00
屏東縣,屏東,31,,良好,2.3,0.13,12,27,21,5.1,2,5.9,.79,2016-05-31 01:00
屏東縣,恆春,22,,良好,1.2,0.07,19,22,3,2.5,1,6.14,3.6,2016-05-31 02:00
屏東縣,潮州,37,,良好,1.8,0.16,2.1,34,23,7.9,2,11.65,3.74,2016-05-31 02:00
屏東縣,屏東,29,,良好,2.6,0.18,8,23,14,7.9,2,8.7,.81,2016-05-31 02:00
屏東縣,恆春,21,,良好,1.1,0.07,19,21,2,2.6,1,6.55,3.95,2016-05-31 03:00
屏東縣,潮州,37,,良好,1.9,0.18,1.3,31,16,10,2,14.29,3.97,2016-05-31 03:00
屏東縣,屏東,28,,良好,2.5,0.18,6.2,29,16,9.2,2,9.78,.56,2016-05-31 03:00
屏東縣,恆春,22,,良好,1.2,0.07,19,22,1,2.9,1,4.99,2.06,2016-05-31 04:00
屏東縣,潮州,36,,良好,1.6,0.16,2.3,33,11,7.6,2,9.21,1.61,2016-05-31 04:00
屏東縣,屏東,27,,良好,2.2,0.17,3.9,26,25,11,2,12.08,1.55,2016-05-31 04:00
屏東縣,恆春,22,,良好,1.2,0.06,20,21,1,2.4,1,5,2.56,2016-05-31 05:00
屏東縣,潮州,36,,良好,1.5,0.13,2.1,38,6,7.4,2,9.65,2.29,2016-05-31 05:00
屏東縣,屏東,28,,良好,2.3,0.17,3.3,30,25,10,2,11.7,1.63,2016-05-31 05:00
屏東縣,恆春,22,,良好,2.4,0.1,12,23,2,7.4,1,9.55,2.15,2016-05-31 06:00
屏東縣,潮州,35,,良好,1.5,0.15,2.6,32,12,6.9,1,10.13,3.2,2016-05-31 06:00
屏東縣,屏東,28,,良好,2.4,0.18,3.8,23,14,9.2,2,11.25,2.08,2016-05-31 06:00
屏東縣,恆春,23,,良好,2.7,0.09,14,28,1,6.1,1,9.03,2.91,2016-05-31 07:00
屏東縣,潮州,33,,良好,1.6,0.16,5.6,23,6,5.5,1,9.58,4.06,2016-05-31 07:00
屏東縣,屏東,29,,良好,2.8,0.23,5.5,34,8,7.4,2,11.99,4.6,2016-05-31 07:00
屏東縣,恆春,24,,良好,3,0.09,18,30,2,5.4,1,8.13,2.71,2016-05-31 08:00
屏東縣,潮州,31,,良好,2.8,0.17,14,21,4,4.5,1,7.08,2.57,2016-05-31 08:00
屏東縣,屏東,31,,良好,4.1,0.31,12,42,10,8.4,2,15.32,6.97,2016-05-31 08:00
屏東縣,恆春,24,,良好,3,0.09,18,30,2,5.4,1,8.13,2.71,2016-05-31 08:00
屏東縣,潮州,31,,良好,2.8,0.17,14,21,4,4.5,1,7.08,2.57,2016-05-31 08:00
屏東縣,屏東,31,,良好,4.1,0.31,12,42,10,8.4,2,15.32,6.97,2016-05-31 08:00
屏東縣,恆春,25,,良好,3.5,0.1,24,29,5,6.1,1,9.48,3.35,2016-05-31 09:00
屏東縣,潮州,29,,良好,2,0.13,24,29,7,2.6,1,3.78,1.23,2016-05-31 09:00
屏東縣,屏東,34,,良好,3.3,0.21,21,48,23,5.3,2,8.28,2.94,2016-05-31 09:00
屏東縣,恆春,26,,良好,4.4,0.09,28,27,5,6.2,1,9.94,3.72,2016-05-31 10:00
屏東縣,潮州,29,,良好,1.7,0.14,32,34,21,2.6,1,3.24,.68,2016-05-31 10:00
屏東縣,屏東,37,,良好,2.8,0.18,28,42,27,3.8,2,5.04,1.2,2016-05-31 10:00
屏東縣,恆春,26,,良好,1.9,0.06,28,25,5,3.5,1,6.56,3.07,2016-05-31 11:00
屏東縣,潮州,32,,良好,1.6,0.12,37,39,30,1.9,2,2.46,.61,2016-05-31 11:00
屏東縣,屏東,36,,良好,2.8,0.21,41,27,,4.3,2,5.17,.9,2016-05-31 11:00
屏東縣,恆春,27,,良好,1.6,0.06,32,24,3,2.9,1,5.12,2.19,2016-05-31 12:00
屏東縣,潮州,40,,良好,2.4,0.15,48,45,20,4,2,4.81,.76,2016-05-31 12:00
屏東縣,屏東,33,,良好,3.8,0.23,39,16,,6.7,,8.19,1.51,2016-05-31 12:00
屏東縣,恆春,25,,良好,1,0.06,30,24,1,2.4,1,4.27,1.85,2016-05-31 13:00
屏東縣,潮州,40,,良好,2.5,0.14,48,51,19,3.5,2,3.81,.32,2016-05-31 13:00
屏東縣,屏東,27,,良好,6,0.21,32,15,,8.2,,10.42,2.24,2016-05-31 13:00
屏東縣,恆春,22,,良好,1.1,0.06,26,14,2,2.6,1,4.45,1.9,2016-05-31 15:00
屏東縣,潮州,42,,良好,1.9,0.1,30,43,10,1.9,2,2.35,.45,2016-05-31 15:00
屏東縣,屏東,25,,良好,3.6,0.14,25,27,8,3.2,,4.56,1.39,2016-05-31 15:00
屏東縣,恆春,22,,良好,1.1,0.06,26,14,2,2.6,1,4.45,1.9,2016-05-31 15:00
屏東縣,潮州,42,,良好,1.9,0.1,30,43,10,1.9,2,2.35,.45,2016-05-31 15:00
屏東縣,屏東,25,,良好,3.6,0.14,25,27,8,3.2,,4.56,1.39,2016-05-31 15:00
屏東縣,恆春,20,,良好,1,0.06,24,14,3,2.7,1,5.01,2.28,2016-05-31 17:00
屏東縣,潮州,38,,良好,2.5,0.14,34,28,15,4,1,4.84,.87,2016-05-31 17:00
屏東縣,屏東,29,,良好,7,0.26,21,32,2,9.7,1,13.81,4.1,2016-05-31 17:00
屏東縣,恆春,18,,良好,0.8,0.06,20,16,6,2.8,1,4.8,2.03,2016-05-31 18:00
屏東縣,潮州,36,,良好,3.1,0.16,27,34,24,5.6,2,6.54,.93,2016-05-31 18:00
屏東縣,屏東,31,,良好,6.3,0.32,17,36,8,9.7,1,12.78,3.13,2016-05-31 18:00
屏東縣,恆春,18,,良好,1.6,0.06,20,18,5,3.5,1,5.72,2.23,2016-05-31 19:00
屏東縣,潮州,35,,良好,2.6,0.23,18,34,15,7.1,2,7.46,.38,2016-05-31 19:00
屏東縣,屏東,34,,良好,8.4,0.36,7.4,45,15,15,1,18.17,3.19,2016-05-31 19:00
屏東縣,恆春,19,,良好,1.3,0.06,20,22,4,3.3,1,5.72,2.41,2016-05-31 20:00
屏東縣,潮州,36,,良好,2.1,0.26,12,39,6,7.6,2,8.04,.43,2016-05-31 20:00
屏東縣,屏東,34,,良好,5.4,0.3,8.1,33,20,11,2,12.71,1.82,2016-05-31 20:00
屏東縣,恆春,20,,良好,1.5,0.06,18,23,4,4.5,1,7.42,2.98,2016-05-31 21:00
屏東縣,潮州,38,,良好,2,0.28,8.3,36,5,8.5,2,8.98,.53,2016-05-31 21:00
屏東縣,屏東,32,,良好,4,0.27,9.8,27,22,8.4,2,9.67,1.27,2016-05-31 21:00
屏東縣,恆春,21,,良好,1.3,0.06,22,24,1,3.6,1,5.15,1.54,2016-05-31 22:00
屏東縣,潮州,37,,良好,2.9,0.25,5.5,33,11,11,2,11.28,.48,2016-05-31 22:00
屏東縣,屏東,29,,良好,3.1,0.26,11,18,14,8,2,9.1,1.1,2016-05-31 22:00
屏東縣,恆春,22,,良好,1.5,0.06,26,25,1,3,1,4.82,1.79,2016-05-31 23:00
屏東縣,潮州,37,,良好,4.4,0.26,2.7,34,11,14,1,15.08,1.16,2016-05-31 23:00
屏東縣,屏東,27,,良好,4.4,0.19,12,27,15,6.7,2,7.52,.79,2016-05-31 23:00
屏東縣,恆春,21,,良好,1.4,0.06,19,21,3,3.3,1,5.29,2.04,2016-06-01 00:00
屏東縣,潮州,36,,良好,3.2,0.24,3.5,36,8,12,1,13.71,1.73,2016-06-01 00:00
屏東縣,屏東,28,,良好,4.3,0.19,11,37,8,8.2,2,8.85,.67,2016-06-01 00:00
屏東縣,恆春,20,,良好,1.5,0.06,15,18,3,3.5,1,6.31,2.77,2016-06-01 01:00
屏東縣,潮州,36,,良好,2.4,0.21,2.3,37,10,12,1,13.75,2.13,2016-06-01 01:00
屏東縣,屏東,31,,良好,4.2,0.19,9.5,41,17,9.1,2,9.79,.64,2016-06-01 01:00
屏東縣,恆春,20,,良好,1.4,0.05,18,17,1,2.3,1,4.34,2.05,2016-06-01 02:00
屏東縣,潮州,35,,良好,2.1,0.21,1.6,32,11,11,1,14.77,3.99,2016-06-01 02:00
屏東縣,屏東,34,,良好,3.2,0.18,8.9,35,18,9.6,2,10.27,.67,2016-06-01 02:00
屏東縣,恆春,19,,良好,1.2,0.05,18,16,0,1.9,1,4.95,3.04,2016-06-01 03:00
屏東縣,潮州,33,,良好,1.8,0.18,1.6,24,9,9.9,1,14.31,4.45,2016-06-01 03:00
屏東縣,屏東,34,,良好,2.7,0.14,13,27,13,7.2,2,7.62,.44,2016-06-01 03:00
屏東縣,恆春,18,,良好,1.3,0.05,17,14,0,3.2,1,3.48,.31,2016-06-01 04:00
屏東縣,潮州,31,,良好,1.7,0.18,1.6,26,7,8.9,1,17.72,8.83,2016-06-01 04:00
屏東縣,屏東,30,,良好,,,,16,14,,2,,,2016-06-01 04:00
屏東縣,恆春,17,,良好,1.2,0.06,17,11,0,,1,,,2016-06-01 05:00
屏東縣,潮州,30,,良好,1.5,0.14,3.3,26,8,8.3,1,10.53,2.21,2016-06-01 05:00
屏東縣,屏東,27,,良好,1.8,0.17,1.9,16,9,10,2,12.93,2.76,2016-06-01 05:00
屏東縣,恆春,16,,良好,1.4,0.07,16,11,1,,1,,,2016-06-01 06:00
屏東縣,潮州,30,,良好,1.6,0.15,4.2,31,13,7.6,1,9.68,2.09,2016-06-01 06:00
屏東縣,屏東,23,,良好,2,0.16,2.9,16,16,7.6,2,11.24,3.62,2016-06-01 06:00
屏東縣,恆春,16,,良好,2.1,0.11,14,16,0,6.4,1,6.98,.62,2016-06-01 07:00
屏東縣,潮州,30,,良好,1.6,0.17,11,29,15,5.6,1,8.06,2.5,2016-06-01 07:00
屏東縣,屏東,22,,良好,2.4,0.2,7.5,25,12,5.2,2,9.91,4.69,2016-06-01 07:00
屏東縣,恆春,16,,良好,2.2,0.1,19,20,1,4.9,1,5.41,.5,2016-06-01 08:00
屏東縣,潮州,31,,良好,2.1,0.14,20,33,21,3.5,2,5.1,1.59,2016-06-01 08:00
屏東縣,屏東,24,,良好,3.1,0.29,14,28,10,6.2,2,11.44,5.22,2016-06-01 08:00
屏東縣,恆春,17,,良好,1.7,0.07,20,19,1,3.4,1,3.65,.28,2016-06-01 09:00
屏東縣,潮州,32,,良好,2.6,0.15,22,35,23,3.9,2,5.71,1.79,2016-06-01 09:00
屏東縣,屏東,27,,良好,3.7,0.25,19,36,8,5.9,2,10.31,4.39,2016-06-01 09:00
屏東縣,恆春,18,,良好,1.7,0.06,22,18,0,,1,,,2016-06-01 10:00
屏東縣,潮州,33,,良好,2.1,0.14,28,41,14,4,2,5.65,1.62,2016-06-01 10:00
屏東縣,屏東,29,,良好,2.7,0.17,27,31,8,2.6,1,4.7,2.06,2016-06-01 10:00
屏東縣,恆春,19,,良好,1.3,0.06,23,22,3,2.7,1,6.78,4.05,2016-06-01 11:00
屏東縣,潮州,35,,良好,1.7,0.15,36,43,13,3.7,2,4.93,1.24,2016-06-01 11:00
屏東縣,屏東,30,,良好,3.1,0.17,28,34,5,3.8,1,5.69,1.91,2016-06-01 11:00
屏東縣,恆春,19,,良好,1.3,0.06,23,23,5,2.8,1,7,4.23,2016-06-01 12:00
屏東縣,潮州,37,,良好,2.1,0.16,34,44,9,4.4,2,5.71,1.3,2016-06-01 12:00
屏東縣,屏東,31,,良好,4.6,0.17,26,33,4,5,1,7.78,2.83,2016-06-01 12:00
屏東縣,恆春,22,,良好,1.3,0.06,27,23,3,2.5,1,6.63,4.09,2016-06-01 13:00
屏東縣,潮州,39,,良好,1.9,0.14,37,44,15,3.7,2,4.87,1.2,2016-06-01 13:00
屏東縣,屏東,31,,良好,3.4,0.15,29,39,5,2.5,1,4.84,2.3,2016-06-01 13:00
屏東縣,恆春,23,,良好,1.4,0.06,28,24,2,2.6,1,6.99,4.43,2016-06-01 14:00
屏東縣,潮州,38,,良好,1.9,0.14,37,37,12,3,2,4.01,1,2016-06-01 14:00
屏東縣,屏東,31,,良好,5.4,0.16,28,30,7,6,1,9.12,3.1,2016-06-01 14:00
屏東縣,恆春,24,,良好,1.5,0.06,29,21,3,2.8,1,6.87,4.11,2016-06-01 15:00
屏東縣,潮州,38,,良好,2.2,0.13,38,38,12,3.4,2,4.38,1.01,2016-06-01 15:00
屏東縣,屏東,31,,良好,4,0.15,32,35,12,3.5,1,5.5,2.03,2016-06-01 15:00
屏東縣,恆春,23,,良好,1.5,0.06,28,21,3,2.9,1,6.9,4.03,2016-06-01 16:00
屏東縣,潮州,37,,良好,2.6,0.15,40,35,6,4.7,2,5.68,1,2016-06-01 16:00
屏東縣,屏東,31,,良好,4.2,0.17,,30,12,4.7,1,7.1,2.46,2016-06-01 16:00
屏東縣,恆春,23,,良好,1.4,0.06,28,22,2,2.7,1,7.35,4.66,2016-06-01 17:00
屏東縣,潮州,37,,良好,1.7,0.15,32,39,1,3.7,1,4.94,1.22,2016-06-01 17:00
屏東縣,屏東,31,,良好,2.8,0.2,,,,4.4,1,6.62,2.17,2016-06-01 17:00
屏東縣,恆春,22,,良好,1.2,0.06,26,23,2,2.3,1,7.15,4.83,2016-06-01 18:00
屏東縣,潮州,37,,良好,2.2,0.21,26,36,8,6.3,1,7.46,1.12,2016-06-01 18:00
屏東縣,屏東,33,,良好,,,22,38,16,,1,,,2016-06-01 18:00
屏東縣,恆春,22,,良好,1.6,0.06,26,24,2,2.7,1,6.86,4.17,2016-06-01 19:00
屏東縣,潮州,37,,良好,3.3,0.24,16,34,11,8.2,1,9.38,1.21,2016-06-01 19:00
屏東縣,屏東,34,,良好,3.3,0.28,14,34,12,7.9,1,10.07,2.15,2016-06-01 19:00
屏東縣,恆春,22,,良好,1.3,0.06,23,22,3,2.3,1,6.65,4.38,2016-06-01 20:00
屏東縣,潮州,37,,良好,2,0.36,16,36,11,9.4,1,10.01,.62,2016-06-01 20:00
屏東縣,屏東,35,,良好,2.6,0.26,15,34,14,7.5,2,9.07,1.56,2016-06-01 20:00
屏東縣,恆春,23,,良好,1.4,0.06,23,23,3,2.4,1,6.54,4.1,2016-06-01 21:00
屏東縣,潮州,37,,良好,1.9,0.21,14,33,1,7.3,1,7.97,.68,2016-06-01 21:00
屏東縣,屏東,33,,良好,2.1,0.21,17,27,15,5.6,2,7.04,1.49,2016-06-01 21:00
屏東縣,恆春,23,,良好,1.3,0.06,20,26,5,2.8,1,6.74,3.95,2016-06-01 22:00
屏東縣,潮州,36,,良好,1.8,0.2,13,31,11,7.7,1,8.65,.92,2016-06-01 22:00
屏東縣,屏東,32,,良好,2.3,0.23,16,29,14,6.9,2,8.33,1.43,2016-06-01 22:00
屏東縣,恆春,24,,良好,1.5,0.06,19,25,5,3.3,1,7.44,4.14,2016-06-01 23:00
屏東縣,潮州,34,,良好,2.3,0.23,15,27,19,8.1,1,8.85,.8,2016-06-01 23:00
屏東縣,屏東,31,,良好,2.8,0.26,10,31,10,11,2,12.38,1.36,2016-06-01 23:00
屏東縣,恆春,23,,良好,1.3,0.06,19,20,3,2.2,1,6.96,4.8,2016-06-02 00:00
屏東縣,潮州,33,,良好,2.4,0.24,8.3,33,25,11,2,11.75,1.04,2016-06-02 00:00
屏東縣,屏東,32,,良好,3.5,0.21,9.2,37,9,12,2,13.23,1.36,2016-06-02 00:00
屏東縣,恆春,22,,良好,1.4,0.06,20,16,2,3.3,1,7.46,4.18,2016-06-02 01:00
屏東縣,潮州,34,,良好,2.9,0.27,4.2,41,22,13,2,14.34,1.3,2016-06-02 01:00
屏東縣,屏東,32,,良好,2.3,0.19,9.5,32,15,10,2,11.39,1.28,2016-06-02 01:00
屏東縣,恆春,21,,良好,2.4,0.06,17,21,1,4.6,1,9.22,4.61,2016-06-02 02:00
屏東縣,潮州,35,,良好,1.8,0.16,3.2,37,17,11,2,13.18,1.9,2016-06-02 02:00
屏東縣,屏東,33,,良好,1.4,0.19,6.6,31,20,11,2,12.12,1.5,2016-06-02 02:00
屏東縣,恆春,21,,良好,1.9,0.11,14,22,2,8.5,1,14.63,6.11,2016-06-02 03:00
屏東縣,潮州,35,,良好,1.7,0.14,4.6,34,15,9.5,2,10.94,1.42,2016-06-02 03:00
屏東縣,屏東,31,,良好,1.3,0.15,5.5,22,16,9.4,2,10.86,1.46,2016-06-02 03:00
屏東縣,恆春,22,,良好,1.7,0.11,15,25,6,,1,,,2016-06-02 04:00
屏東縣,潮州,34,,良好,1.7,0.12,5,26,9,9,2,10.38,1.38,2016-06-02 04:00
屏東縣,屏東,28,,良好,1.1,0.14,4.8,15,12,11,2,12.7,1.82,2016-06-02 04:00
屏東縣,恆春,23,,良好,2,0.09,16,25,3,7.1,1,13.46,6.41,2016-06-02 05:00
屏東縣,潮州,33,,良好,1.7,0.14,5.3,34,8,8.9,2,10.13,1.22,2016-06-02 05:00
屏東縣,屏東,25,,良好,1.1,0.15,4.3,15,4,10,2,12.2,1.9,2016-06-02 05:00
屏東縣,恆春,23,,良好,2.5,0.09,18,22,1,6.3,1,14.34,8.02,2016-06-02 06:00
屏東縣,潮州,32,,良好,1.7,0.17,4.7,30,4,9.4,1,11.34,1.94,2016-06-02 06:00
屏東縣,屏東,24,,良好,1.7,0.15,5.4,26,5,9.4,1,11.38,2.01,2016-06-02 06:00
屏東縣,恆春,22,,良好,2.3,0.08,21,19,5,4.9,1,12.35,7.48,2016-06-02 07:00
屏東縣,潮州,32,,良好,1.9,0.2,9.1,36,5,7.7,1,11.52,3.78,2016-06-02 07:00
屏東縣,屏東,26,,良好,1.7,0.23,10,38,8,7.7,1,10.54,2.84,2016-06-02 07:00
屏東縣,恆春,22,,良好,2.1,0.08,23,21,5,3.7,1,12.07,8.36,2016-06-02 08:00
屏東縣,潮州,34,,良好,2,0.29,18,39,4,5.8,1,8.11,2.29,2016-06-02 08:00
屏東縣,屏東,28,,良好,2.3,0.28,16,32,17,8.1,1,12.23,4.17,2016-06-02 08:00
屏東縣,恆春,22,,良好,1.1,0.06,24,23,4,0.8,1,8.77,7.96,2016-06-02 09:00
屏東縣,潮州,37,,良好,2.9,,24,52,10,5.5,1,7.19,1.73,2016-06-02 09:00
屏東縣,屏東,30,,良好,2.5,0.19,23,32,23,5.5,2,7.49,1.97,2016-06-02 09:00
屏東縣,恆春,22,,良好,1,0.06,26,25,3,1.5,1,8.84,7.36,2016-06-02 10:00
屏東縣,潮州,41,,良好,,,,54,15,8.3,1,10.86,2.61,2016-06-02 10:00
屏東縣,屏東,31,,良好,1.9,0.22,27,34,22,6.6,2,8.45,1.83,2016-06-02 10:00
屏東縣,恆春,23,,良好,0.7,0.06,26,24,3,1.6,1,8.36,6.8,2016-06-02 11:00
屏東縣,潮州,45,,良好,,0.23,,56,25,6.4,2,8.12,1.76,2016-06-02 11:00
屏東縣,屏東,32,,良好,1.7,0.26,33,39,17,7,2,8.73,1.73,2016-06-02 11:00
屏東縣,恆春,23,,良好,0.7,0.06,26,24,3,1.6,1,8.36,6.8,2016-06-02 11:00
屏東縣,潮州,47,,良好,,0.23,,56,25,6.4,2,8.12,1.76,2016-06-02 11:00
屏東縣,屏東,32,,良好,1.7,0.26,33,39,17,7,2,8.73,1.73,2016-06-02 11:00
屏東縣,恆春,24,,良好,0.8,0.06,27,27,5,0.2,1,6.18,6.01,2016-06-02 13:00
屏東縣,潮州,49,,良好,3.3,0.22,29,55,12,,2,,,2016-06-02 13:00
屏東縣,屏東,34,,良好,2.2,0.17,33,36,13,6.4,2,8.23,1.86,2016-06-02 13:00
屏東縣,恆春,25,,良好,0.7,0.05,27,26,3,0.4,1,5.33,4.92,2016-06-02 14:00
屏東縣,潮州,48,,良好,1.9,0.14,30,44,7,,2,,,2016-06-02 14:00
屏東縣,屏東,35,,良好,2.5,0.16,33,38,17,5.9,2,7.93,2.07,2016-06-02 14:00
屏東縣,恆春,25,,良好,0.6,0.05,24,28,2,,1,,,2016-06-02 15:00
屏東縣,潮州,47,,良好,4,0.21,31,43,16,,2,,,2016-06-02 15:00
屏東縣,屏東,35,,良好,2.1,0.16,36,34,17,5.4,2,7.19,1.81,2016-06-02 15:00
屏東縣,恆春,26,,良好,1,0.06,,,,,1,,,2016-06-02 16:00
屏東縣,潮州,46,,良好,2,0.15,29,43,10,,1,,,2016-06-02 16:00
屏東縣,屏東,35,,良好,2.5,0.17,37,39,17,5.8,2,7.55,1.74,2016-06-02 16:00
屏東縣,恆春,24,,良好,,,28,19,,,,,,2016-06-02 17:00
屏東縣,潮州,46,,良好,2.2,0.18,32,51,5,,1,,,2016-06-02 17:00
屏東縣,屏東,33,,良好,2.3,0.21,33,15,6,6.1,2,7.99,1.92,2016-06-02 17:00
屏東縣,恆春,24,,良好,0.8,0.07,26,24,7,2.6,,5.41,2.82,2016-06-02 18:00
屏東縣,潮州,47,,良好,1.8,0.23,32,48,12,,1,,,2016-06-02 18:00
屏東縣,屏東,29,,良好,2.3,0.28,29,13,8,8,2,9.71,1.73,2016-06-02 18:00
屏東縣,恆春,25,,良好,0.6,0.06,23,31,8,2.2,,4.69,2.51,2016-06-02 19:00
屏東縣,潮州,48,,良好,1.6,0.28,26,47,19,,2,,,2016-06-02 19:00
屏東縣,屏東,28,,良好,1.9,0.28,25,26,17,7.6,2,9.15,1.56,2016-06-02 19:00
屏東縣,恆春,26,,良好,0.8,0.06,23,31,5,1.9,1,4.53,2.65,2016-06-02 20:00
屏東縣,潮州,49,,良好,1.7,0.38,17,46,33,,2,,,2016-06-02 20:00
屏東縣,屏東,28,,良好,2.2,0.31,22,41,25,9.5,2,10.87,1.38,2016-06-02 20:00
屏東縣,恆春,27,,良好,0.8,0.06,22,27,3,2.1,1,4.69,2.61,2016-06-02 21:00
屏東縣,潮州,47,,良好,1.6,0.43,7.5,40,30,,2,,,2016-06-02 21:00
屏東縣,屏東,32,,良好,1.9,0.3,21,44,32,10,2,11.51,1.28,2016-06-02 21:00
屏東縣,恆春,27,,良好,0.8,0.06,21,23,5,2.2,1,4.75,2.52,2016-06-02 22:00
屏東縣,潮州,46,,良好,1.6,0.33,7,41,22,,2,,,2016-06-02 22:00
屏東縣,屏東,37,,良好,1.9,0.31,19,46,38,10,2,11.75,1.35,2016-06-02 22:00
屏東縣,恆春,26,,良好,1,0.05,20,22,4,2.1,1,4.86,2.72,2016-06-02 23:00
屏東縣,潮州,42,,良好,2.1,0.35,5.7,30,19,,2,,,2016-06-02 23:00
屏東縣,屏東,38,,良好,2,0.26,17,38,38,9.6,3,10.71,1.13,2016-06-02 23:00
屏東縣,恆春,25,,良好,1,0.05,19,24,3,2.4,1,5.07,2.65,2016-06-03 00:00
屏東縣,潮州,40,,良好,1.5,0.36,3.4,35,6,,2,,,2016-06-03 00:00
屏東縣,屏東,38,,良好,1.8,0.18,18,37,26,8.2,3,9.32,1.12,2016-06-03 00:00
屏東縣,恆春,25,,良好,0.9,0.05,19,26,5,2.4,1,4.7,2.3,2016-06-03 01:00
屏東縣,潮州,39,,良好,1.4,0.28,6,35,15,,2,,,2016-06-03 01:00
屏東縣,屏東,36,,良好,2.2,0.15,17,30,18,7.8,3,8.99,1.2,2016-06-03 01:00
屏東縣,恆春,25,,良好,1.1,0.05,19,24,1,2.1,1,5.09,2.96,2016-06-03 02:00
屏東縣,潮州,38,,良好,1.6,0.26,5.4,36,5,,2,,,2016-06-03 02:00
屏東縣,屏東,34,,良好,1.6,0.19,14,37,7,8.8,2,10.16,1.4,2016-06-03 02:00
屏東縣,恆春,24,,良好,1.6,0.05,19,22,0,4,1,6.31,2.33,2016-06-03 03:00
屏東縣,潮州,38,,良好,1.6,0.26,3.7,33,9,,2,,,2016-06-03 03:00
屏東縣,屏東,34,,良好,1.6,0.19,13,34,23,10,2,11.31,1.2,2016-06-03 03:00
屏東縣,恆春,24,,良好,1.3,0.05,19,21,1,3.4,1,4.59,1.16,2016-06-03 04:00
屏東縣,潮州,37,,良好,1.7,0.22,3,32,9,8.7,2,9.98,1.27,2016-06-03 04:00
屏東縣,屏東,33,,良好,1.5,0.2,6.1,34,20,13,2,14.08,1.13,2016-06-03 04:00
屏東縣,恆春,24,,良好,0.9,0.06,22,23,1,2.8,1,3.62,.83,2016-06-03 05:00
屏東縣,潮州,36,,良好,1.5,0.22,2.5,34,16,10,2,12.42,2.23,2016-06-03 05:00
屏東縣,屏東,35,,良好,1.5,0.17,10,34,18,10,2,11.49,1.03,2016-06-03 05:00
屏東縣,恆春,24,,良好,1.3,0.06,22,26,1,2.7,1,4.07,1.37,2016-06-03 06:00
屏東縣,潮州,34,,良好,1.5,0.17,4.9,27,12,8.7,2,11.31,2.64,2016-06-03 06:00
屏東縣,屏東,35,,良好,1.6,0.21,12,35,10,8.8,2,9.99,1.18,2016-06-03 06:00
屏東縣,恆春,24,,良好,1,0.06,22,26,2,2.8,1,3.58,.74,2016-06-03 07:00
屏東縣,潮州,32,,良好,1.5,0.18,6,27,7,7.7,2,12.22,4.53,2016-06-03 07:00
屏東縣,屏東,37,,良好,1.5,0.25,9.7,45,14,10,2,13.62,3.26,2016-06-03 07:00
屏東縣,恆春,25,,良好,0.9,0.06,22,25,3,2.6,1,3.62,1.05,2016-06-03 08:00
屏東縣,潮州,32,,良好,1.8,0.15,17,35,0,3.4,2,6.6,3.19,2016-06-03 08:00
屏東縣,屏東,40,,良好,2.3,0.28,17,48,20,8,2,11.69,3.71,2016-06-03 08:00
屏東縣,恆春,24,,良好,0.8,0.06,23,23,3,2.5,1,3.55,1.1,2016-06-03 09:00
屏東縣,潮州,35,,良好,2.5,0.16,27,53,6,2.3,1,4.11,1.82,2016-06-03 09:00
屏東縣,屏東,42,,良好,1.7,0.18,24,49,18,5.5,2,7.98,2.51,2016-06-03 09:00
屏東縣,恆春,24,,良好,0.9,0.07,28,23,12,2.5,1,3.7,1.21,2016-06-03 10:00
屏東縣,潮州,39,,良好,6.3,0.18,34,54,9,,1,,,2016-06-03 10:00
屏東縣,屏東,43,,良好,2.2,0.2,32,45,15,5.4,2,7.11,1.72,2016-06-03 10:00
屏東縣,恆春,24,,良好,0.9,0.07,28,24,1,2.6,1,3.03,.44,2016-06-03 11:00
屏東縣,潮州,44,,良好,3.1,0.2,41,55,9,4.5,1,6.5,2.03,2016-06-03 11:00
屏東縣,屏東,43,,良好,2.3,0.18,40,43,16,5.6,2,7.19,1.56,2016-06-03 11:00
屏東縣,恆春,24,,良好,1.1,0.07,29,26,3,2.7,1,3.25,.6,2016-06-03 12:00
屏東縣,潮州,45,,良好,2.7,0.13,,46,7,3.8,1,6.27,2.49,2016-06-03 12:00
屏東縣,屏東,41,,良好,2.6,0.16,39,35,20,5.4,2,7.03,1.67,2016-06-03 12:00
屏東縣,恆春,24,,良好,1.1,0.07,29,26,3,2.7,1,3.25,.6,2016-06-03 12:00
屏東縣,潮州,45,,良好,2.7,0.13,,46,7,3.8,1,6.27,2.49,2016-06-03 12:00
屏東縣,屏東,41,,良好,2.6,0.16,39,35,20,5.4,2,7.03,1.67,2016-06-03 12:00
屏東縣,恆春,24,,良好,0.9,0.07,27,22,5,2.1,1,3.31,1.2,2016-06-03 13:00
屏東縣,潮州,45,,良好,,,39,,,,1,,,2016-06-03 14:00
屏東縣,屏東,35,,良好,2.9,0.14,41,20,,4.9,2,6.49,1.61,2016-06-03 14:00
屏東縣,恆春,24,,良好,0.9,0.08,28,18,3,2,1,2.72,.69,2016-06-03 15:00
屏東縣,潮州,0,,,5.6,0.2,35,,,,,,,2016-06-03 15:00
屏東縣,屏東,34,,良好,3,0.15,38,34,25,5.6,2,7.1,1.55,2016-06-03 15:00
屏東縣,恆春,24,,良好,0.9,0.08,28,23,5,2.5,1,3.48,1,2016-06-03 16:00
屏東縣,潮州,0,,,2.7,,32,49,29,,,,,2016-06-03 16:00
屏東縣,屏東,35,,良好,2.8,0.17,30,40,23,6.4,2,8.45,2.01,2016-06-03 16:00
屏東縣,恆春,22,,良好,0.6,0.08,26,25,3,2.5,1,2.78,.33,2016-06-03 17:00
屏東縣,潮州,0,,,2.3,0.19,31,48,22,5.7,,7.72,2.04,2016-06-03 17:00
屏東縣,屏東,38,,良好,2.8,0.2,31,53,32,7.4,2,9.54,2.16,2016-06-03 17:00
屏東縣,恆春,23,,良好,0.8,0.09,27,23,0,2.6,1,3.28,.71,2016-06-03 18:00
屏東縣,潮州,48,,良好,1.6,0.23,31,50,14,5.3,2,6.44,1.12,2016-06-03 18:00
屏東縣,屏東,42,,良好,1.8,0.28,27,43,26,7.5,3,9.49,1.96,2016-06-03 18:00
屏東縣,恆春,24,,良好,0.8,0.09,27,26,3,2.7,1,3.63,.93,2016-06-03 19:00
屏東縣,潮州,49,,良好,2.4,0.26,17,50,4,12,2,13.63,1.14,2016-06-03 19:00
屏東縣,屏東,42,,良好,2.6,0.33,19,37,27,10,3,11.75,1.75,2016-06-03 19:00
屏東縣,恆春,24,,良好,1.3,0.08,24,27,3,5.4,1,6.37,.98,2016-06-03 20:00
屏東縣,潮州,50,,良好,2.6,0.23,13,48,3,14,1,14.36,.85,2016-06-03 20:00
屏東縣,屏東,39,,良好,2.7,0.32,14,28,17,11,3,12.96,1.53,2016-06-03 20:00
屏東縣,恆春,24,,良好,1.2,0.08,26,26,3,2.8,1,3.51,.75,2016-06-03 21:00
屏東縣,潮州,50,,良好,2.3,0.23,14,51,7,10,1,10.95,.59,2016-06-03 21:00
屏東縣,屏東,36,,良好,1.7,0.25,16,34,10,8.6,2,9.82,1.21,2016-06-03 21:00
屏東縣,恆春,25,,良好,1.1,0.08,25,25,5,2.9,1,3.89,.95,2016-06-03 22:00
屏東縣,潮州,50,,良好,1.8,0.25,12,52,15,9.2,1,9.88,.73,2016-06-03 22:00
屏東縣,屏東,35,,良好,1.9,0.28,16,35,8,9.1,2,10.34,1.23,2016-06-03 22:00
屏東縣,恆春,25,,良好,1,0.08,24,27,4,2.7,1,3.39,.72,2016-06-03 23:00
屏東縣,潮州,49,,良好,1.8,0.27,6.7,45,8,11,1,12.12,1.15,2016-06-03 23:00
屏東縣,屏東,34,,良好,2,0.24,15,35,2,9.8,2,11.1,1.31,2016-06-03 23:00
屏東縣,恆春,25,,良好,1,0.07,22,27,3,3.3,1,4.21,.88,2016-06-04 00:00
屏東縣,潮州,46,,良好,1.7,0.24,4.6,29,11,11,1,12.56,1.75,2016-06-04 00:00
屏東縣,屏東,35,,良好,1.6,0.49,9.2,32,1,14,2,15.69,1.68,2016-06-04 00:00
屏東縣,恆春,25,,良好,0.8,0.07,22,24,5,2.9,1,3.29,.37,2016-06-04 01:00
屏東縣,潮州,41,,良好,1.8,0.22,5.7,22,4,9,1,10.31,1.31,2016-06-04 01:00
屏東縣,屏東,34,,良好,0.5,0.28,9.8,28,5,13,1,14.93,1.69,2016-06-04 01:00
屏東縣,恆春,25,,良好,1,0.06,21,23,6,2.6,1,3.37,.8,2016-06-04 02:00
屏東縣,潮州,36,,良好,1.7,0.19,5.3,22,4,7.2,1,8.91,1.75,2016-06-04 02:00
屏東縣,屏東,33,,良好,3.5,0.32,10,29,9,12,1,13.32,1.24,2016-06-04 02:00
屏東縣,恆春,24,,良好,1,0.06,21,22,3,2.4,1,3.18,.79,2016-06-04 03:00
屏東縣,潮州,34,,良好,1.6,0.18,2.6,31,2,9.9,1,11.89,2.02,2016-06-04 03:00
屏東縣,屏東,32,,良好,2.5,0.21,8.5,26,16,12,1,13.47,1.2,2016-06-04 03:00
屏東縣,屏東,32,,良好,2.4,0.19,4.8,35,14,14,2,15.61,2.09,2016-06-04 04:00
屏東縣,恆春,24,,良好,1.2,0.06,21,22,1,2.4,1,4.52,2.12,2016-06-04 04:00
屏東縣,潮州,34,,良好,1.6,0.18,2.1,35,11,9.5,1,12.88,3.38,2016-06-04 04:00
屏東縣,屏東,33,,良好,2.5,0.17,5.7,37,15,12,2,13.4,1.62,2016-06-04 05:00
屏東縣,恆春,23,,良好,1,0.05,20,21,2,2.8,1,4.37,1.57,2016-06-04 05:00
屏東縣,潮州,35,,良好,1.7,0.17,2.3,35,11,9.9,1,13.55,3.69,2016-06-04 05:00
屏東縣,恆春,23,,良好,1,0.05,20,21,2,2.8,1,4.37,1.57,2016-06-04 05:00
屏東縣,潮州,35,,良好,1.7,0.17,2.3,35,11,9.9,1,13.55,3.69,2016-06-04 05:00
屏東縣,屏東,33,,良好,2.5,0.17,5.7,37,15,12,2,13.4,1.62,2016-06-04 05:00
屏東縣,恆春,23,,良好,1.1,0.05,20,24,4,2.9,1,4.28,1.38,2016-06-04 06:00
屏東縣,潮州,34,,良好,1.7,0.19,3.9,26,10,8.4,1,11.86,3.47,2016-06-04 06:00
屏東縣,屏東,34,,良好,2.4,0.21,4.9,42,21,11,2,13.19,2.63,2016-06-04 06:00
屏東縣,恆春,24,,良好,1.1,0.05,21,27,7,2.8,1,4.54,1.74,2016-06-04 07:00
屏東縣,潮州,33,,良好,2.2,0.26,8,29,4,7,1,12.19,5.24,2016-06-04 07:00
屏東縣,屏東,36,,良好,2.7,0.23,11,41,21,8.2,2,11.55,3.4,2016-06-04 07:00
屏東縣,恆春,24,,良好,1,0.05,22,25,7,2.9,1,4.69,1.82,2016-06-04 08:00
屏東縣,潮州,33,,良好,2.5,0.22,19,36,5,4.7,1,8.81,4.11,2016-06-04 08:00
屏東縣,屏東,37,,良好,3.5,0.25,21,36,21,7.4,2,11.03,3.64,2016-06-04 08:00
屏東縣,恆春,23,,良好,0.8,0.05,22,16,5,2.6,1,4.57,1.95,2016-06-04 10:00
屏東縣,潮州,38,,良好,6.2,0.26,35,51,15,7.8,1,10.47,2.7,2016-06-04 10:00
屏東縣,屏東,37,,良好,4.4,0.32,37,44,22,8.3,2,10.43,2.12,2016-06-04 10:00
屏東縣,恆春,22,,良好,0.8,0.06,26,18,5,2.7,1,4.59,1.89,2016-06-04 11:00
屏東縣,潮州,41,,良好,6.8,0.28,33,51,16,5.6,1,9.17,3.59,2016-06-04 11:00
屏東縣,屏東,38,,良好,3.6,0.17,29,48,22,5.6,2,7.86,2.3,2016-06-04 11:00
屏東縣,恆春,25,,良好,1.2,0.05,30,19,4,2.6,1,4.72,2.14,2016-06-04 12:00
屏東縣,潮州,43,,良好,3.1,0.12,42,48,14,3,1,5.18,2.18,2016-06-04 12:00
屏東縣,屏東,40,,良好,3.8,0.16,37,47,15,5,2,6.87,1.92,2016-06-04 12:00
屏東縣,恆春,23,,良好,1.1,0.06,27,19,6,2.9,1,4.07,1.22,2016-06-04 13:00
屏東縣,潮州,43,,良好,2.7,0.13,43,40,17,3,2,5.65,2.64,2016-06-04 13:00
屏東縣,屏東,40,,良好,3.9,0.15,37,32,17,4.5,2,6.18,1.68,2016-06-04 13:00
屏東縣,恆春,25,,良好,1.1,0.06,30,19,5,2.6,1,4.14,1.56,2016-06-04 14:00
屏東縣,潮州,42,,良好,2.5,0.11,39,38,24,2.3,2,4.97,2.63,2016-06-04 14:00
屏東縣,屏東,39,,良好,3.7,0.13,33,32,20,4.5,2,6.28,1.78,2016-06-04 14:00
屏東縣,潮州,38,,良好,2.5,0.1,37,21,14,2.2,2,4.65,2.42,2016-06-04 15:00
屏東縣,屏東,37,,良好,3.6,0.13,31,31,29,4.4,2,6.21,1.8,2016-06-04 15:00
屏東縣,恆春,20,,良好,1.1,0.06,30,19,5,2.6,1,4.14,1.56,2016-06-04 14:00
屏東縣,恆春,23,,良好,1,0.07,27,20,5,2.4,1,4.15,1.73,2016-06-04 16:00
屏東縣,潮州,34,,良好,2.8,0.12,37,23,16,3.4,2,6.34,2.96,2016-06-04 16:00
屏東縣,屏東,34,,良好,3.2,0.17,31,26,,4.5,2,6.37,1.89,2016-06-04 16:00
屏東縣,恆春,21,,良好,0.8,0.07,25,21,5,2.6,1,4.22,1.65,2016-06-04 17:00
屏東縣,潮州,33,,良好,2.9,0.16,34,36,21,4.9,2,7.69,2.76,2016-06-04 17:00
屏東縣,屏東,31,,良好,3.5,0.21,28,17,,5.6,,7.75,2.13,2016-06-04 17:00
屏東縣,恆春,22,,良好,1.2,0.07,27,27,5,3.5,1,5.97,2.5,2016-06-04 18:00
屏東縣,潮州,36,,良好,1.9,0.2,33,49,18,3,2,5.65,2.67,2016-06-04 18:00
屏東縣,屏東,31,,良好,3.3,0.25,27,31,17,5.5,,7.39,1.93,2016-06-04 18:00
屏東縣,恆春,23,,良好,1.3,0.07,24,29,7,3.7,1,5.37,1.7,2016-06-04 19:00
屏東縣,潮州,40,,良好,1.7,0.23,24,46,7,4,2,6.34,2.32,2016-06-04 19:00
屏東縣,屏東,30,,良好,2.8,0.26,22,31,12,6.4,,8.11,1.71,2016-06-04 19:00
屏東縣,恆春,24,,良好,1.1,0.07,23,29,5,3.3,1,4.75,1.48,2016-06-04 20:00
屏東縣,潮州,43,,良好,2.6,0.25,19,49,10,6.6,2,8.89,2.26,2016-06-04 20:00
屏東縣,屏東,33,,良好,2.7,0.28,17,44,24,8,2,9.57,1.54,2016-06-04 20:00
屏東縣,恆春,25,,良好,1.2,0.07,23,29,2,3.6,1,5.02,1.43,2016-06-04 21:00
屏東縣,潮州,44,,良好,3.5,0.23,16,42,9,7.1,2,9.37,2.23,2016-06-04 21:00
屏東縣,屏東,35,,良好,3.7,0.27,16,34,17,9.9,2,11.5,1.64,2016-06-04 21:00
屏東縣,恆春,26,,良好,1.1,0.07,23,28,1,3.4,1,4.93,1.54,2016-06-04 22:00
屏東縣,潮州,44,,良好,2.3,0.22,16,48,9,6.5,2,8.66,2.2,2016-06-04 22:00
屏東縣,屏東,37,,良好,4.1,0.29,15,47,12,12,2,13.77,1.81,2016-06-04 22:00
屏東縣,屏東,38,,良好,3.6,0.23,12,40,10,10,2,11.59,1.49,2016-06-04 23:00
屏東縣,恆春,27,,良好,1.4,0.07,21,32,2,3.8,1,5.19,1.39,2016-06-04 23:00
屏東縣,潮州,44,,良好,2.5,0.24,14,49,5,7.2,1,9.42,2.26,2016-06-04 23:00
