縣市 ,測站名稱 ,空氣污染指標 ,指標污染物, 狀態 ,二氧化硫濃度 ,一氧化碳濃度 ,臭氧濃度 ,懸浮微粒濃度 ,細懸浮微粒濃度 ,二氧化氮濃度 ,細懸浮微粒指標 ,氮氧化物 ,一氧化氮 ,發佈時間
新竹市,新竹,42,,良好,2.3,0.45,25,44,12,13,2,16.64,3.33,2017-04-20 10:00
新竹市,新竹,50,,良好,1.9,0.49,21,93,18,17,2,19.3,2.7,2017-04-20 11:00
新竹市,新竹,55,懸浮微粒,普通,1.6,0.39,19,97,19,14,2,17.5,3.72,2017-04-20 12:00
新竹市,新竹,55,懸浮微粒,普通,1.5,0.35,24,38,10,8.8,2,12.94,4.1,2017-04-20 13:00
新竹市,新竹,53,懸浮微粒,普通,1.9,0.34,29,25,11,9.2,2,12.65,3.48,2017-04-20 14:00
新竹市,新竹,47,,良好,2.2,0.38,35,30,14,8.2,2,10.54,2.33,2017-04-20 15:00
新竹市,新竹,47,,良好,2.2,0.38,35,30,14,8.2,2,10.54,2.33,2017-04-20 15:00
新竹市,新竹,39,,良好,2.1,0.37,26,41,15,12,2,14.59,2.77,2017-04-20 17:00
新竹市,新竹,41,,良好,2.4,0.48,25,40,16,17,2,19.76,3.2,2017-04-20 18:00
新竹市,新竹,42,,良好,2.4,0.55,19,35,15,17,2,18.58,1.74,2017-04-20 19:00
新竹市,新竹,41,,良好,3.1,0.48,18,32,15,14,2,15.5,1.43,2017-04-20 20:00
新竹市,新竹,39,,良好,3.7,0.52,7.6,26,15,17,2,20.17,2.87,2017-04-20 21:00
新竹市,新竹,36,,良好,3.9,0.52,5.2,26,12,18,2,22.14,4.48,2017-04-20 22:00
新竹市,新竹,32,,良好,3.4,0.37,6.2,23,9,17,2,20.2,3.59,2017-04-20 23:00
新竹市,新竹,32,,良好,3.4,0.37,6.2,23,9,17,2,20.2,3.59,2017-04-20 23:00
新竹市,新竹,26,,良好,2.7,0.34,4.2,22,8,19,1,20.9,2.32,2017-04-21 01:00
新竹市,新竹,26,,良好,2.2,0.25,9.6,22,6,12,1,12.75,1.12,2017-04-21 02:00
新竹市,新竹,25,,良好,1.9,0.24,10,21,5,9.7,1,10.61,.96,2017-04-21 03:00
新竹市,新竹,25,,良好,1.9,0.22,8.8,21,6,10,1,11.35,1.08,2017-04-21 04:00
新竹市,新竹,23,,良好,1.8,0.17,15,19,5,7.3,1,8.35,1.09,2017-04-21 05:00
新竹市,新竹,22,,良好,2.4,0.22,17,18,4,10,1,11.34,1.26,2017-04-21 06:00
新竹市,新竹,21,,良好,3.1,0.28,15,21,7,15,1,18.57,3.41,2017-04-21 07:00
新竹市,新竹,21,,良好,3,0.37,17,22,8,13,1,18.63,5.25,2017-04-21 08:00
新竹市,新竹,22,,良好,2.4,0.34,26,23,8,9.3,1,13.78,4.46,2017-04-21 09:00
新竹市,新竹,30,,良好,2.5,0.34,36,56,8,9.2,1,12.13,2.98,2017-04-21 10:00
新竹市,新竹,36,,良好,4,0.44,34,71,12,16,1,20.72,4.23,2017-04-21 11:00
新竹市,新竹,41,,良好,4.3,0.44,31,53,13,17,1,21.31,4.67,2017-04-21 12:00
新竹市,新竹,44,,良好,3.5,0.34,25,44,13,13,1,19.17,5.71,2017-04-21 13:00
新竹市,新竹,42,,良好,3.2,0.27,23,35,12,9.9,1,15.38,5.45,2017-04-21 14:00
新竹市,新竹,39,,良好,2,0.32,23,,,7.9,1,12.84,4.95,2017-04-21 15:00
新竹市,新竹,0,,,12,0.28,27,,102,8.8,3,11.05,2.23,2017-04-21 16:00
新竹市,新竹,0,,,4.8,0.33,30,52,,12,,13.05,1.3,2017-04-21 17:00
新竹市,新竹,0,,,2.8,0.41,31,52,22,13,,13.94,.97,2017-04-21 18:00
新竹市,新竹,46,,良好,2.4,0.4,35,38,18,12,3,12.6,.99,2017-04-21 19:00
新竹市,新竹,44,,良好,2,0.44,51,31,13,8.9,2,9.82,.94,2017-04-21 20:00
新竹市,新竹,50,,良好,1.7,0.45,60,28,10,11,2,12.61,1.12,2017-04-21 21:00
新竹市,新竹,48,,良好,1.4,0.42,57,25,10,11,2,12.31,1.26,2017-04-21 22:00
新竹市,新竹,46,,良好,1.4,0.33,55,25,11,9.9,2,11.09,1.15,2017-04-21 23:00
新竹市,新竹,44,,良好,1.8,0.25,52,22,10,9.4,2,10.4,.99,2017-04-22 00:00
新竹市,新竹,42,,良好,2.4,0.21,51,21,5,9.3,1,10.28,1.01,2017-04-22 01:00
新竹市,新竹,42,,良好,1.9,0.2,51,21,4,8.9,1,9.76,.89,2017-04-22 02:00
新竹市,新竹,50,,良好,1.7,0.17,59,16,7,5.5,1,6.4,.87,2017-04-22 03:00
新竹市,新竹,48,,良好,1.6,0.2,58,17,6,6.5,1,6.76,.26,2017-04-22 04:00
新竹市,新竹,50,,良好,1.6,0.23,60,30,10,5.8,1,6.07,.26,2017-04-22 05:00
新竹市,新竹,50,,良好,1.8,0.24,60,33,10,6.4,1,6.78,.37,2017-04-22 06:00
新竹市,新竹,50,,良好,1.8,0.24,60,33,10,6.4,1,6.78,.37,2017-04-22 06:00
新竹市,新竹,41,,良好,2.4,0.34,49,38,9,15,1,16.24,.78,2017-04-22 08:00
新竹市,新竹,43,,良好,2.1,0.37,51,43,20,14,1,15.11,.77,2017-04-22 09:00
新竹市,新竹,37,,良好,2.2,0.44,45,46,22,19,2,19.68,.97,2017-04-22 10:00
新竹市,新竹,37,,良好,1.9,0.46,42,46,19,21,2,22.18,1.58,2017-04-22 11:00
新竹市,新竹,39,,良好,2.2,0.58,35,47,22,27,2,28.98,2.33,2017-04-22 12:00
新竹市,新竹,40,,良好,2,0.51,38,45,26,24,2,26.19,2.24,2017-04-22 13:00
新竹市,新竹,40,,良好,2.1,0.48,40,37,21,23,2,24.74,2.17,2017-04-22 14:00
新竹市,新竹,40,,良好,2.1,0.48,40,37,21,23,2,24.74,2.17,2017-04-22 14:00
新竹市,新竹,41,,良好,2.1,0.5,45,47,26,19,2,20.68,1.31,2017-04-22 16:00
新竹市,新竹,44,,良好,2.5,0.51,44,59,31,20,2,21.11,.92,2017-04-22 17:00
新竹市,新竹,49,,良好,3.6,0.56,35,68,31,26,3,27.46,1.07,2017-04-22 18:00
新竹市,新竹,49,,良好,3.6,0.56,35,68,31,26,3,27.46,1.07,2017-04-22 18:00
新竹市,新竹,49,,良好,3.6,0.56,35,68,31,26,3,27.46,1.07,2017-04-22 18:00
新竹市,新竹,49,,良好,3.6,0.56,35,68,31,26,3,27.46,1.07,2017-04-22 18:00
新竹市,新竹,49,,良好,3.6,0.56,35,68,31,26,3,27.46,1.07,2017-04-22 18:00
新竹市,新竹,49,,良好,3.6,0.56,35,68,31,26,3,27.46,1.07,2017-04-22 18:00
新竹市,新竹,49,,良好,3.6,0.56,35,68,31,26,3,27.46,1.07,2017-04-22 18:00
新竹市,新竹,49,,良好,3.6,0.56,35,68,31,26,3,27.46,1.07,2017-04-22 18:00
新竹市,新竹,49,,良好,3.6,0.56,35,68,31,26,3,27.46,1.07,2017-04-22 18:00
新竹市,新竹,58,臭氧,普通,1.3,0.29,69,64,25,5.8,3,5.96,.12,2017-04-23 02:00
新竹市,新竹,58,臭氧,普通,1.3,0.29,69,64,25,5.8,3,5.96,.12,2017-04-23 02:00
新竹市,新竹,58,臭氧,普通,1.3,0.29,69,64,25,5.8,3,5.96,.12,2017-04-23 02:00
新竹市,新竹,58,臭氧,普通,1.3,0.29,69,64,25,5.8,3,5.96,.12,2017-04-23 02:00
新竹市,新竹,58,臭氧,普通,1.3,0.29,69,64,25,5.8,3,5.96,.12,2017-04-23 02:00
新竹市,新竹,54,懸浮微粒,普通,1.9,0.3,62,61,18,7.2,2,8.5,1.29,2017-04-23 08:00
新竹市,新竹,54,懸浮微粒,普通,1.7,0.32,59,59,14,8,2,9.76,1.79,2017-04-23 09:00
新竹市,新竹,54,懸浮微粒,普通,1.9,0.35,56,59,13,9.6,2,11.35,1.74,2017-04-23 10:00
新竹市,新竹,54,懸浮微粒,普通,2.1,0.36,57,57,15,9.8,2,11.94,2.1,2017-04-23 11:00
新竹市,新竹,54,懸浮微粒,普通,1.9,0.36,60,53,15,8.4,2,10.57,2.19,2017-04-23 12:00
新竹市,新竹,54,懸浮微粒,普通,1.6,0.35,62,54,11,7.6,2,9.64,2.07,2017-04-23 13:00
新竹市,新竹,53,懸浮微粒,普通,1.7,0.35,61,55,15,7.9,2,9.9,2.03,2017-04-23 14:00
新竹市,新竹,52,懸浮微粒,普通,1.7,0.33,61,48,18,7.9,2,9.97,2.09,2017-04-23 15:00
新竹市,新竹,52,懸浮微粒,普通,1.7,0.35,60,45,18,8.9,2,10.67,1.8,2017-04-23 16:00
新竹市,新竹,51,懸浮微粒,普通,1.3,0.34,57,44,15,8.2,2,9.97,1.75,2017-04-23 17:00
新竹市,新竹,49,,良好,1.4,0.37,52,42,16,11,2,12.17,1.45,2017-04-23 18:00
新竹市,新竹,47,,良好,1.2,0.37,52,39,17,10,2,11.63,1.34,2017-04-23 19:00
新竹市,新竹,45,,良好,1,0.39,45,39,18,14,2,15.04,1.31,2017-04-23 20:00
新竹市,新竹,44,,良好,1,0.41,41,42,23,15,2,16.52,1.49,2017-04-23 21:00
新竹市,新竹,43,,良好,1.3,0.37,44,40,22,14,2,15.81,1.47,2017-04-23 22:00
新竹市,新竹,43,,良好,1.2,0.36,44,40,18,14,2,15.01,1.33,2017-04-23 23:00
新竹市,新竹,42,,良好,1.2,0.33,44,40,17,9.7,2,10.86,1.19,2017-04-24 00:00
新竹市,新竹,41,,良好,2.1,0.33,42,36,14,9.9,2,11.3,1.41,2017-04-24 01:00
新竹市,新竹,41,,良好,2.1,0.33,42,36,14,9.9,2,11.3,1.41,2017-04-24 01:00
新竹市,新竹,41,,良好,2.1,0.33,42,36,14,9.9,2,11.3,1.41,2017-04-24 01:00
新竹市,新竹,38,,良好,1.3,0.32,35,30,13,11,2,12.44,1.26,2017-04-24 02:00
新竹市,新竹,38,,良好,1.3,0.32,35,30,13,11,2,12.44,1.26,2017-04-24 02:00
新竹市,新竹,35,,良好,1.7,0.29,25,34,13,18,2,18.23,.23,2017-04-24 05:00
新竹市,新竹,35,,良好,1.2,0.3,24,33,17,12,2,12.63,.43,2017-04-24 06:00
新竹市,新竹,35,,良好,1.4,0.41,9.3,32,16,20,2,22.48,2.79,2017-04-24 07:00
新竹市,新竹,36,,良好,2,0.98,3.1,44,22,35,2,53.35,18.66,2017-04-24 09:00
新竹市,新竹,36,,良好,2,0.98,3.1,44,22,35,2,53.35,18.66,2017-04-24 09:00
新竹市,新竹,39,,良好,1.6,0.61,14,,,31,2,37.84,7.33,2017-04-24 11:00
新竹市,新竹,38,,良好,1.8,0.56,15,32,29,26,2,33.2,7.69,2017-04-24 12:00
新竹市,新竹,36,,良好,1.9,0.49,30,34,28,22,3,28.38,6.48,2017-04-24 13:00
新竹市,新竹,35,,良好,1.9,0.49,36,38,24,20,3,23.74,3.74,2017-04-24 14:00
新竹市,新竹,36,,良好,1.6,0.44,43,37,18,14,2,16.09,2.08,2017-04-24 15:00
新竹市,新竹,39,,良好,2.1,0.47,47,36,16,17,2,18.58,1.54,2017-04-24 16:00
新竹市,新竹,52,臭氧,普通,2.6,0.52,63,46,18,16,2,17.74,1.48,2017-04-24 17:00
新竹市,新竹,44,,良好,2.6,0.62,53,57,25,23,2,23.96,.67,2017-04-24 18:00
新竹市,新竹,45,,良好,2.6,0.73,32,52,28,34,2,34.34,.6,2017-04-24 19:00
新竹市,新竹,48,,良好,3.8,0.9,7,53,27,48,3,50.46,2.44,2017-04-24 20:00
新竹市,新竹,51,懸浮微粒,普通,4.1,0.96,4.4,69,27,48,3,51.93,3.59,2017-04-24 21:00
新竹市,新竹,52,懸浮微粒,普通,2.9,0.87,5.1,75,28,39,3,43.18,4.11,2017-04-24 22:00
新竹市,新竹,54,懸浮微粒,普通,2.3,0.84,2.2,68,26,35,3,39.9,4.93,2017-04-24 23:00
新竹市,新竹,54,懸浮微粒,普通,1.7,0.75,0.7,51,18,24,3,31.1,6.85,2017-04-25 00:00
新竹市,新竹,53,懸浮微粒,普通,1.8,0.94,0,43,18,21,2,45.11,23.77,2017-04-25 01:00
新竹市,新竹,50,,良好,1.9,0.67,-0.1,38,18,15,2,30.75,15.62,2017-04-25 02:00
新竹市,新竹,46,,良好,1.7,0.64,0,31,14,14,2,30.58,16.38,2017-04-25 03:00
新竹市,新竹,43,,良好,1.5,0.43,0.5,31,12,14,2,20.57,6.47,2017-04-25 04:00
新竹市,新竹,41,,良好,1.6,0.48,0.2,27,9,15,2,24.65,9.87,2017-04-25 05:00
新竹市,新竹,38,,良好,1.8,0.52,0.1,28,8,15,2,34.32,19.82,2017-04-25 06:00
新竹市,新竹,36,,良好,1.8,0.57,0.8,24,7,16,2,38.11,22.49,2017-04-25 07:00
新竹市,新竹,35,,良好,2.2,0.95,2.1,30,7,24,2,59.22,35.39,2017-04-25 08:00
新竹市,新竹,35,,良好,2.9,0.98,5.9,37,13,26,2,50.95,24.98,2017-04-25 09:00
新竹市,新竹,35,,良好,4.5,0.8,13,38,19,29,2,42.2,13.42,2017-04-25 10:00
新竹市,新竹,39,,良好,3.8,0.71,27,58,24,23,2,28.42,5.4,2017-04-25 11:00
新竹市,新竹,44,,良好,3.1,0.46,45,69,21,13,2,15.76,2.62,2017-04-25 12:00
新竹市,新竹,48,,良好,3,0.42,49,63,19,11,2,13.39,1.99,2017-04-25 13:00
新竹市,新竹,48,,良好,3,0.42,49,63,19,11,2,13.39,1.99,2017-04-25 13:00
新竹市,新竹,54,臭氧,普通,7.9,0.38,64,76,25,13,2,14.75,2.16,2017-04-25 15:00
新竹市,新竹,77,臭氧,普通,45,0.41,93,94,28,16,2,16.77,1.19,2017-04-25 16:00
新竹市,新竹,62,懸浮微粒,普通,36,0.45,60,110,31,15,2,15.07,.18,2017-04-25 17:00
新竹市,新竹,64,懸浮微粒,普通,11,0.55,45,87,32,20,3,20.76,.86,2017-04-25 18:00
新竹市,新竹,64,懸浮微粒,普通,6.9,0.72,36,65,29,23,3,24.22,.97,2017-04-25 19:00
新竹市,新竹,63,懸浮微粒,普通,8.6,0.67,32,65,28,24,3,24.38,.64,2017-04-25 20:00
新竹市,新竹,61,懸浮微粒,普通,6.9,0.95,11,71,30,45,3,48,3.14,2017-04-25 21:00
新竹市,新竹,62,懸浮微粒,普通,7.9,1.24,3.4,78,36,48,3,57.5,9.33,2017-04-25 22:00
新竹市,新竹,62,懸浮微粒,普通,5.4,1.19,1.3,79,37,43,3,53.36,10.19,2017-04-25 23:00
新竹市,新竹,64,懸浮微粒,普通,4.7,1.3,1.9,79,38,37,3,58.93,21.89,2017-04-26 00:00
新竹市,新竹,64,懸浮微粒,普通,1.9,1.25,0,80,41,33,3,51.81,19.03,2017-04-26 01:00
新竹市,新竹,64,懸浮微粒,普通,4.3,0.84,3,74,38,26,4,32.31,6.65,2017-04-26 02:00
新竹市,新竹,63,懸浮微粒,普通,4.3,0.53,3.8,62,32,21,3,22.33,1.35,2017-04-26 03:00
新竹市,新竹,60,懸浮微粒,普通,3.8,0.47,2.5,52,29,17,3,21.06,4.1,2017-04-26 04:00
新竹市,新竹,58,懸浮微粒,普通,3.8,0.45,5.7,48,26,17,3,18.57,1.97,2017-04-26 05:00
新竹市,新竹,55,懸浮微粒,普通,3.3,0.57,1.5,51,24,20,3,25.93,5.75,2017-04-26 06:00
新竹市,新竹,55,懸浮微粒,普通,3.1,0.83,2.2,59,26,23,3,39.48,16.34,2017-04-26 07:00
新竹市,新竹,56,懸浮微粒,普通,4.8,1.35,2.8,63,30,31,3,62.81,31.83,2017-04-26 08:00
新竹市,新竹,56,懸浮微粒,普通,4.7,1.38,4.7,67,36,36,3,69.51,33.18,2017-04-26 09:00
新竹市,新竹,60,懸浮微粒,普通,11,0.79,23,95,38,28,3,37.06,8.99,2017-04-26 10:00
新竹市,新竹,62,懸浮微粒,普通,7.1,0.58,49,93,36,17,3,20.54,3.55,2017-04-26 11:00
新竹市,新竹,62,懸浮微粒,普通,5.7,0.49,53,64,29,11,3,13.23,2.41,2017-04-26 12:00
新竹市,新竹,61,懸浮微粒,普通,4.7,0.48,51,58,26,9.9,3,11.97,2.06,2017-04-26 13:00
新竹市,新竹,58,懸浮微粒,普通,3.2,0.43,55,51,26,9,3,11.43,2.39,2017-04-26 14:00
新竹市,新竹,54,懸浮微粒,普通,3.3,0.44,59,51,26,11,3,12.38,1.84,2017-04-26 15:00
新竹市,新竹,54,懸浮微粒,普通,3.3,0.45,63,57,27,10,3,12.34,1.86,2017-04-26 16:00
新竹市,新竹,55,懸浮微粒,普通,2.8,0.42,60,62,26,9.2,3,10.43,1.24,2017-04-26 17:00
新竹市,新竹,58,懸浮微粒,普通,2.8,0.3,45,88,17,9.1,3,10.31,1.17,2017-04-26 18:00
新竹市,新竹,59,懸浮微粒,普通,2.5,0.28,46,65,6,9.5,2,10.67,1.22,2017-04-26 19:00
新竹市,新竹,56,懸浮微粒,普通,1.8,0.26,46,22,3,9.8,2,11.08,1.24,2017-04-26 20:00
新竹市,新竹,52,懸浮微粒,普通,1.7,0.25,44,21,4,8.8,2,10.23,1.48,2017-04-26 21:00
新竹市,新竹,42,,良好,1.8,0.27,40,14,2,10,1,11.72,1.68,2017-04-26 22:00
新竹市,新竹,37,,良好,1.7,0.22,45,13,4,7.2,1,8.98,1.78,2017-04-26 23:00
新竹市,新竹,35,,良好,1.8,0.2,42,11,3,8.3,1,10.07,1.8,2017-04-27 00:00
新竹市,新竹,35,,良好,3.2,0.19,42,12,2,8.6,1,10.46,1.89,2017-04-27 01:00
新竹市,新竹,36,,良好,1.5,0.17,44,20,4,6.9,1,8.86,1.96,2017-04-27 02:00
新竹市,新竹,39,,良好,1.5,0.15,47,18,4,4.3,1,6,1.73,2017-04-27 03:00
新竹市,新竹,38,,良好,1.4,0.15,46,15,4,6.6,1,7.32,.75,2017-04-27 04:00
新竹市,新竹,37,,良好,1.5,0.16,45,17,1,7.3,1,7.92,.66,2017-04-27 05:00
新竹市,新竹,38,,良好,1.3,0.17,46,10,1,6.9,1,7.69,.78,2017-04-27 06:00
新竹市,新竹,35,,良好,1.2,0.23,42,8,5,10,1,10.91,.67,2017-04-27 07:00
新竹市,新竹,30,,良好,1,0.34,36,24,8,17,1,17.82,1.22,2017-04-27 08:00
新竹市,新竹,32,,良好,1,0.33,38,20,9,18,1,19.5,1.82,2017-04-27 09:00
新竹市,新竹,40,,良好,1,0.28,48,16,9,13,1,14.75,1.51,2017-04-27 10:00
新竹市,新竹,50,,良好,0.8,0.28,60,34,8,11,1,11.98,1.37,2017-04-27 11:00
新竹市,新竹,50,,良好,0.8,0.28,60,34,8,11,1,11.98,1.37,2017-04-27 11:00
新竹市,新竹,46,,良好,1.1,0.33,55,49,13,16,1,17.66,1.65,2017-04-27 13:00
新竹市,新竹,42,,良好,1.1,0.34,50,47,24,17,1,18.48,1.41,2017-04-27 14:00
新竹市,新竹,42,,良好,1.1,0.34,50,47,24,17,1,18.48,1.41,2017-04-27 14:00
新竹市,新竹,38,,良好,0.7,0.31,46,40,20,18,2,19.19,1.6,2017-04-27 16:00
新竹市,新竹,36,,良好,1.1,0.39,36,30,13,26,2,27.91,2.06,2017-04-27 17:00
新竹市,新竹,35,,良好,0.9,0.37,40,31,12,22,2,23.54,1.48,2017-04-27 18:00
新竹市,新竹,38,,良好,0.8,0.33,45,28,8,17,2,18.23,1,2017-04-27 19:00
新竹市,新竹,43,,良好,0.9,0.29,51,18,9,13,2,13.62,.89,2017-04-27 20:00
新竹市,新竹,45,,良好,1.5,0.28,54,15,13,12,2,13,.82,2017-04-27 21:00
新竹市,新竹,46,,良好,1.6,0.28,55,20,13,12,2,12.75,.81,2017-04-27 22:00
新竹市,新竹,46,,良好,3,0.26,56,21,16,12,2,13.21,.76,2017-04-27 23:00
新竹市,新竹,52,臭氧,普通,2.9,0.23,62,26,18,9.7,2,10.28,.63,2017-04-28 00:00
新竹市,新竹,53,臭氧,普通,1.8,0.23,64,33,13,7.3,2,8.01,.71,2017-04-28 01:00
新竹市,新竹,50,,良好,1.8,0.22,60,37,10,7.8,2,8.52,.76,2017-04-28 02:00
新竹市,新竹,47,,良好,1.6,0.25,56,37,13,8.6,2,9.46,.88,2017-04-28 03:00
新竹市,新竹,47,,良好,1.8,0.22,56,34,11,7.6,2,8.34,.71,2017-04-28 04:00
新竹市,新竹,48,,良好,2.5,0.29,58,33,8,8.4,1,9.09,.66,2017-04-28 05:00
新竹市,新竹,53,臭氧,普通,2.5,0.31,63,42,12,8.2,2,8.91,.75,2017-04-28 06:00
新竹市,新竹,52,臭氧,普通,2.3,0.37,62,51,14,10,2,11.28,1.12,2017-04-28 07:00
新竹市,新竹,54,臭氧,普通,2.8,0.47,65,52,15,14,2,15.19,1.66,2017-04-28 08:00
新竹市,新竹,58,臭氧,普通,3,0.47,70,54,16,12,2,13.48,1.63,2017-04-28 09:00
新竹市,新竹,45,,良好,3,0.47,70,54,16,12,2,13.48,1.63,2017-04-28 09:00
新竹市,新竹,0,,,3,0.47,70,54,16,12,,13.48,1.63,2017-04-28 09:00
新竹市,新竹,0,,,3,0.47,70,54,16,12,,13.48,1.63,2017-04-28 09:00
新竹市,新竹,0,,,3,0.47,70,54,16,12,,13.48,1.63,2017-04-28 09:00
新竹市,新竹,0,,,3,0.47,70,54,16,12,,13.48,1.63,2017-04-28 09:00
新竹市,新竹,0,,,3,0.47,70,54,16,12,,13.48,1.63,2017-04-28 09:00
新竹市,新竹,0,,,3,0.47,70,54,16,12,,13.48,1.63,2017-04-28 09:00
新竹市,新竹,0,,,3,0.47,70,54,16,12,,13.48,1.63,2017-04-28 09:00
新竹市,新竹,0,,,3,0.47,70,54,16,12,,13.48,1.63,2017-04-28 09:00
新竹市,新竹,0,,,3,0.47,70,54,16,12,,13.48,1.63,2017-04-28 09:00
新竹市,新竹,0,,,3,0.47,70,54,16,12,,13.48,1.63,2017-04-28 09:00
新竹市,新竹,0,,,3,0.47,70,54,16,12,,13.48,1.63,2017-04-28 09:00
新竹市,新竹,0,,,3,0.47,70,54,16,12,,13.48,1.63,2017-04-28 09:00
新竹市,新竹,0,,,3,0.47,70,54,16,12,,13.48,1.63,2017-04-28 09:00
新竹市,新竹,0,,,3,0.47,70,54,16,12,,13.48,1.63,2017-04-28 09:00
新竹市,新竹,0,,,3,0.47,70,54,16,12,,13.48,1.63,2017-04-28 09:00
新竹市,新竹,0,,,3,0.47,70,54,16,12,,13.48,1.63,2017-04-28 09:00
新竹市,新竹,0,,,3,0.47,70,54,16,12,,13.48,1.63,2017-04-28 09:00
新竹市,新竹,0,,,3,0.47,70,54,16,12,,13.48,1.63,2017-04-28 09:00
新竹市,新竹,0,,,3,0.47,70,54,16,12,,13.48,1.63,2017-04-28 09:00
新竹市,新竹,0,,,3,0.47,70,54,16,12,,13.48,1.63,2017-04-28 09:00
新竹市,新竹,0,,,3,0.47,70,54,16,12,,13.48,1.63,2017-04-28 09:00
新竹市,新竹,0,,,3,0.47,70,54,16,12,,13.48,1.63,2017-04-28 09:00
新竹市,新竹,0,,,3,0.47,70,54,16,12,,13.48,1.63,2017-04-28 09:00
新竹市,新竹,0,,,3,0.47,70,54,16,12,,13.48,1.63,2017-04-28 09:00
新竹市,新竹,0,,,3,0.47,70,54,16,12,,13.48,1.63,2017-04-28 09:00
新竹市,新竹,0,,,3.3,0.45,81,46,15,12,,14.3,1.82,2017-04-29 12:00
新竹市,新竹,66,臭氧,普通,5,0.31,79,44,20,11,2,13.28,1.9,2017-04-29 13:00
新竹市,新竹,68,臭氧,普通,3.5,0.28,82,42,19,7.8,2,9.36,1.55,2017-04-29 14:00
新竹市,新竹,69,臭氧,普通,2.5,0.29,82,39,16,6.9,2,8.35,1.45,2017-04-29 15:00
新竹市,新竹,66,臭氧,普通,2.4,0.3,80,40,18,7.7,2,9.33,1.68,2017-04-29 16:00
新竹市,新竹,64,臭氧,普通,2.9,0.29,77,41,17,8,2,9.6,1.58,2017-04-29 17:00
新竹市,新竹,60,臭氧,普通,2.3,0.34,72,41,17,10,2,11.41,1.23,2017-04-29 18:00
新竹市,新竹,53,臭氧,普通,2,0.45,64,43,18,15,2,15.52,.99,2017-04-29 19:00
新竹市,新竹,42,,良好,2.1,0.62,51,44,24,24,2,24.56,1.06,2017-04-29 20:00
新竹市,新竹,44,,良好,2.1,1.26,10,51,28,54,2,60.38,6.14,2017-04-29 21:00
新竹市,新竹,47,,良好,1.5,1,4.7,56,30,55,2,61.72,7.22,2017-04-29 22:00
新竹市,新竹,48,,良好,1.2,1.02,1.7,52,30,49,3,56.81,7.4,2017-04-29 23:00
新竹市,新竹,48,,良好,1.2,0.88,6.6,48,29,43,3,46.19,3.4,2017-04-30 00:00
新竹市,新竹,49,,良好,1.8,0.68,19,51,28,30,3,31.93,1.87,2017-04-30 01:00
新竹市,新竹,48,,良好,1.8,0.58,17,49,27,23,3,24.65,1.38,2017-04-30 02:00
新竹市,新竹,47,,良好,1.6,0.48,22,42,24,18,3,19.1,1.26,2017-04-30 03:00
新竹市,新竹,46,,良好,1.5,0.43,26,37,23,13,3,14.23,.79,2017-04-30 04:00
新竹市,新竹,44,,良好,1.5,0.54,17,37,20,20,3,20.61,1.06,2017-04-30 05:00
新竹市,新竹,42,,良好,1.7,0.56,13,39,21,24,3,25.46,1.33,2017-04-30 06:00
新竹市,新竹,43,,良好,2.1,0.66,24,47,23,26,3,29.8,3.4,2017-04-30 07:00
新竹市,新竹,45,,良好,3,0.62,42,53,22,22,2,25.51,3.13,2017-04-30 08:00
新竹市,新竹,49,,良好,4.4,0.4,57,59,18,14,2,16.12,2.42,2017-04-30 09:00
新竹市,新竹,55,臭氧,普通,5.1,0.38,66,58,18,13,2,15.87,2.39,2017-04-30 10:00
新竹市,新竹,65,臭氧,普通,4.9,0.4,78,51,24,13,2,15.32,2.6,2017-04-30 11:00
新竹市,新竹,67,臭氧,普通,4.8,0.41,80,53,24,12,2,13.19,1.66,2017-04-30 12:00
新竹市,新竹,72,臭氧,普通,4.2,0.39,87,49,23,7,2,8.12,1.09,2017-04-30 13:00
新竹市,新竹,68,臭氧,普通,4.4,0.33,82,51,21,6.5,2,7.53,1.03,2017-04-30 14:00
新竹市,新竹,68,臭氧,普通,3.2,0.3,81,48,18,5.4,2,6.48,1.05,2017-04-30 15:00
新竹市,新竹,69,臭氧,普通,3.1,0.29,82,37,19,6.6,2,7.69,1.06,2017-04-30 16:00
新竹市,新竹,68,臭氧,普通,3.4,0.35,82,37,16,7.3,2,8.2,.94,2017-04-30 17:00
新竹市,新竹,61,臭氧,普通,3.1,0.41,73,46,14,17,2,17.67,1,2017-04-30 18:00
新竹市,新竹,59,臭氧,普通,3.2,0.48,70,43,19,15,2,15.15,.65,2017-04-30 19:00
新竹市,新竹,45,,良好,3.8,0.55,54,42,22,24,2,24.94,.99,2017-04-30 20:00
新竹市,新竹,46,,良好,3.1,1.44,12,50,28,54,2,58.44,4.41,2017-04-30 21:00
新竹市,新竹,48,,良好,3.1,1.05,7.6,57,33,54,3,59.41,5.86,2017-04-30 22:00
新竹市,新竹,49,,良好,2.6,1.03,11,55,35,49,3,53.06,4.29,2017-04-30 23:00
新竹市,新竹,50,,良好,2.4,0.93,13,49,38,39,3,41.19,1.74,2017-05-01 00:00
新竹市,新竹,50,,良好,2,0.74,16,50,41,28,3,28.79,1.22,2017-05-01 01:00
新竹市,新竹,50,,良好,2,0.74,16,50,41,28,3,28.79,1.22,2017-05-01 01:00
新竹市,新竹,50,,良好,2,0.74,16,50,41,28,3,28.79,1.22,2017-05-01 01:00
新竹市,新竹,50,,良好,0.4,0.52,12,54,34,18,3,19.25,1.27,2017-05-01 04:00
新竹市,新竹,51,懸浮微粒,普通,0.6,0.38,17,51,31,12,3,13.42,1.06,2017-05-01 05:00
新竹市,新竹,51,懸浮微粒,普通,0.4,0.44,13,51,29,14,3,15.59,1.19,2017-05-01 06:00
新竹市,新竹,50,,良好,0.9,0.43,20,48,25,17,3,18.67,2.02,2017-05-01 07:00
新竹市,新竹,50,,良好,1.2,0.65,19,45,21,25,3,31.94,6.53,2017-05-01 08:00
新竹市,新竹,50,,良好,1.2,0.65,19,45,21,25,3,31.94,6.53,2017-05-01 08:00
新竹市,新竹,60,臭氧,普通,3.8,0.45,72,63,22,12,3,14.62,2.14,2017-05-01 10:00
新竹市,新竹,68,臭氧,普通,3.2,0.5,81,59,20,13,3,14.55,1.84,2017-05-01 11:00
新竹市,新竹,72,臭氧,普通,3,0.63,86,62,28,12,3,14.28,1.86,2017-05-01 12:00
新竹市,新竹,70,臭氧,普通,2.4,0.37,85,64,29,10,3,12.19,1.77,2017-05-01 13:00
新竹市,新竹,76,臭氧,普通,2.8,0.44,92,65,25,15,3,16.57,1.66,2017-05-01 14:00
新竹市,新竹,79,臭氧,普通,4.2,0.61,95,70,24,18,3,19.71,1.76,2017-05-01 15:00
新竹市,新竹,82,臭氧,普通,3,0.46,98,69,25,16,3,17.32,1.54,2017-05-01 16:00
新竹市,新竹,78,臭氧,普通,2.3,0.42,94,57,25,11,3,12.02,1.22,2017-05-01 17:00
新竹市,新竹,78,臭氧,普通,2.3,0.42,94,57,25,11,3,12.02,1.22,2017-05-01 17:00
新竹市,新竹,78,臭氧,普通,2.3,0.42,94,57,25,11,3,12.02,1.22,2017-05-01 17:00
新竹市,新竹,78,臭氧,普通,2.3,0.42,94,57,25,11,3,12.02,1.22,2017-05-01 17:00
新竹市,新竹,78,臭氧,普通,2.3,0.42,94,57,25,11,3,12.02,1.22,2017-05-01 17:00
新竹市,新竹,78,臭氧,普通,2.3,0.42,94,57,25,11,3,12.02,1.22,2017-05-01 17:00
新竹市,新竹,56,懸浮微粒,普通,1.2,0.76,17,58,37,34,4,34.89,1.36,2017-05-01 23:00
新竹市,新竹,55,懸浮微粒,普通,1.4,0.77,17,49,32,32,3,33.69,1.27,2017-05-02 00:00
新竹市,新竹,54,懸浮微粒,普通,1.3,0.49,27,46,31,19,3,20.56,1.09,2017-05-02 01:00
新竹市,新竹,52,懸浮微粒,普通,1.5,0.34,35,43,26,9.8,3,10.91,1.14,2017-05-02 02:00
新竹市,新竹,49,,良好,1.6,0.29,36,35,20,6.8,3,7.77,.95,2017-05-02 03:00
新竹市,新竹,46,,良好,1.7,0.33,26,34,21,13,3,12.75,0,2017-05-02 04:00
新竹市,新竹,44,,良好,1.3,0.36,19,39,23,12,3,12.08,.08,2017-05-02 05:00
新竹市,新竹,43,,良好,1.6,0.45,7.8,38,29,23,3,24.26,.83,2017-05-02 06:00
新竹市,新竹,43,,良好,1.9,0.47,11,38,28,22,3,24.52,2.59,2017-05-02 07:00
新竹市,新竹,42,,良好,2.2,0.76,12,39,22,31,3,41.16,10.18,2017-05-02 08:00
新竹市,新竹,42,,良好,2.5,0.97,24,48,27,36,3,46.66,11.15,2017-05-02 09:00
新竹市,新竹,44,,良好,3.4,0.52,46,52,20,13,3,15.27,2.45,2017-05-02 10:00
新竹市,新竹,44,,良好,3.2,0.58,50,46,11,10,2,12.11,1.93,2017-05-02 11:00
新竹市,新竹,46,,良好,2.7,0.42,56,46,14,5.7,2,6.75,1.03,2017-05-02 12:00
新竹市,新竹,51,臭氧,普通,2.5,0.4,61,42,18,6.7,2,7.71,1.01,2017-05-02 13:00
新竹市,新竹,51,臭氧,普通,2.5,0.4,61,42,18,6.7,2,7.71,1.01,2017-05-02 13:00
新竹市,新竹,54,臭氧,普通,2.5,0.39,65,42,29,6.6,2,7.18,.56,2017-05-02 15:00
新竹市,新竹,59,臭氧,普通,2.8,0.39,71,54,29,7.5,2,7.99,.53,2017-05-02 16:00
新竹市,新竹,46,,良好,2.1,0.5,56,58,23,13,3,13.91,.51,2017-05-02 17:00
新竹市,新竹,49,,良好,1.9,0.46,53,51,24,12,3,12.28,.49,2017-05-02 18:00
新竹市,新竹,50,,良好,2.5,0.54,39,48,26,22,3,22.4,.59,2017-05-02 19:00
新竹市,新竹,50,,良好,2.5,0.5,39,53,28,18,3,18.16,.53,2017-05-02 20:00
新竹市,新竹,50,,良好,2.4,0.56,29,56,30,21,3,21.14,.56,2017-05-02 21:00
新竹市,新竹,50,,良好,2.3,0.57,24,54,29,21,3,22.15,.8,2017-05-02 22:00
新竹市,新竹,50,,良好,2.2,0.61,19,51,27,22,3,23.09,.74,2017-05-02 23:00
新竹市,新竹,50,,良好,1.8,0.66,10,50,24,25,3,26.2,1.08,2017-05-03 00:00
新竹市,新竹,50,,良好,1.6,0.56,9.8,45,24,21,3,22.04,.66,2017-05-03 01:00
新竹市,新竹,49,,良好,1.8,0.51,7.8,45,26,21,3,21.38,.71,2017-05-03 02:00
新竹市,新竹,49,,良好,1.8,0.41,4.3,46,24,19,3,21.56,2.43,2017-05-03 03:00
新竹市,新竹,48,,良好,2.5,0.41,2.7,44,24,25,3,27.22,1.99,2017-05-03 04:00
新竹市,新竹,48,,良好,2.7,0.42,2.6,50,26,24,3,26.47,2.18,2017-05-03 05:00
新竹市,新竹,48,,良好,3.2,0.42,1.5,48,24,24,3,35.71,12.01,2017-05-03 06:00
新竹市,新竹,48,,良好,3.4,0.52,4.1,46,24,25,3,33.72,8.33,2017-05-03 07:00
新竹市,新竹,49,,良好,3.1,0.65,6.3,50,28,23,3,35.67,12.64,2017-05-03 08:00
新竹市,新竹,47,,良好,3.9,0.66,16,42,30,23,3,33.1,10.25,2017-05-03 09:00
新竹市,新竹,46,,良好,6,0.6,26,45,30,24,3,31.31,7.43,2017-05-03 10:00
新竹市,新竹,48,,良好,4.9,0.49,32,58,28,22,3,27.53,5.51,2017-05-03 11:00
新竹市,新竹,50,,良好,4.1,0.47,40,64,30,19,3,23.37,3.96,2017-05-03 12:00
新竹市,新竹,52,懸浮微粒,普通,3,0.45,62,68,33,14,3,16.53,2.34,2017-05-03 13:00
新竹市,新竹,54,臭氧,普通,2.7,0.41,65,64,32,11,3,12.8,1.39,2017-05-03 14:00
新竹市,新竹,54,懸浮微粒,普通,2.6,0.37,64,59,28,9.8,3,10.85,1.04,2017-05-03 15:00
新竹市,新竹,54,懸浮微粒,普通,2.7,0.36,53,53,23,9.8,3,10.97,1.16,2017-05-03 16:00
新竹市,新竹,52,懸浮微粒,普通,2.2,0.32,35,49,20,9,3,10.35,1.31,2017-05-03 17:00
新竹市,新竹,51,懸浮微粒,普通,1.8,0.37,29,42,18,11,3,12.55,1.29,2017-05-03 18:00
新竹市,新竹,50,,良好,1.9,0.46,24,43,17,18,2,18.65,1.09,2017-05-03 19:00
新竹市,新竹,49,,良好,2.1,0.52,20,48,17,20,2,20.91,.87,2017-05-03 20:00
新竹市,新竹,50,,良好,3.7,0.6,6.8,49,21,31,2,32.47,1.56,2017-05-03 21:00
新竹市,新竹,50,,良好,5.1,0.72,0.4,54,23,36,2,44.21,7.83,2017-05-03 22:00
新竹市,新竹,50,,良好,5.1,0.72,0.4,54,23,36,2,44.21,7.83,2017-05-03 22:00
新竹市,新竹,51,懸浮微粒,普通,2.3,0.63,8.7,50,28,26,3,27.59,1.93,2017-05-04 00:00
新竹市,新竹,50,,良好,2.2,0.52,16,48,27,18,3,19.23,1,2017-05-04 01:00
新竹市,新竹,49,,良好,2.8,0.51,13,45,26,21,3,22.22,.89,2017-05-04 02:00
新竹市,新竹,48,,良好,2.2,0.47,8.1,45,26,20,3,21.02,1.22,2017-05-04 03:00
新竹市,新竹,46,,良好,1.8,0.38,7.4,43,25,16,3,17.15,1.23,2017-05-04 04:00
新竹市,新竹,46,,良好,2.1,0.39,5.4,45,25,15,3,15.89,.94,2017-05-04 05:00
新竹市,新竹,47,,良好,2.8,0.43,3.2,51,27,19,3,20.53,1.97,2017-05-04 06:00
新竹市,新竹,49,,良好,2.9,0.5,3.7,59,26,19,3,24.55,6.02,2017-05-04 07:00
新竹市,新竹,52,懸浮微粒,普通,4,0.63,5.1,64,27,21,3,29.84,8.58,2017-05-04 08:00
新竹市,新竹,53,懸浮微粒,普通,3.7,0.58,14,64,30,18,3,22.13,3.93,2017-05-04 09:00
新竹市,新竹,53,懸浮微粒,普通,3.1,0.47,23,55,27,15,3,18.9,3.75,2017-05-04 10:00
新竹市,新竹,53,懸浮微粒,普通,2.9,0.42,33,54,24,13,3,15.64,2.76,2017-05-04 11:00
新竹市,新竹,53,懸浮微粒,普通,4.3,0.52,48,65,29,14,3,15.61,2.1,2017-05-04 12:00
新竹市,新竹,54,懸浮微粒,普通,4.1,0.48,47,64,29,11,3,12.81,1.62,2017-05-04 13:00
新竹市,新竹,53,懸浮微粒,普通,2.3,0.3,41,49,22,3.7,3,4.68,1.03,2017-05-04 14:00
新竹市,新竹,52,懸浮微粒,普通,2.3,0.34,34,42,18,6.5,3,7.51,.99,2017-05-04 15:00
新竹市,新竹,52,懸浮微粒,普通,2.2,0.38,33,50,17,6.5,2,7.72,1.19,2017-05-04 16:00
新竹市,新竹,51,懸浮微粒,普通,2.2,0.43,29,50,18,9,2,10.38,1.33,2017-05-04 17:00
新竹市,新竹,50,,良好,2.1,0.56,23,46,18,12,2,13.86,1.64,2017-05-04 18:00
新竹市,新竹,51,懸浮微粒,普通,2.6,0.56,24,49,17,12,2,13.29,.95,2017-05-04 19:00
新竹市,新竹,50,,良好,2.3,0.58,22,46,18,11,2,11.81,.74,2017-05-04 20:00
新竹市,新竹,48,,良好,2.1,0.59,17,39,19,13,2,14.22,.84,2017-05-04 21:00
新竹市,新竹,47,,良好,2.2,0.68,10,40,18,20,2,21.64,1.93,2017-05-04 22:00
新竹市,新竹,45,,良好,2.5,0.7,4.8,43,20,22,2,25.04,3.24,2017-05-04 23:00
新竹市,新竹,44,,良好,2.1,0.78,-0.1,42,25,22,2,31.79,9.86,2017-05-05 00:00
新竹市,新竹,44,,良好,1.8,0.61,-0.2,44,24,16,2,27.55,11.17,2017-05-05 01:00
新竹市,新竹,44,,良好,2.1,0.44,0.1,42,21,16,2,22.24,6.28,2017-05-05 02:00
新竹市,新竹,43,,良好,1.6,0.4,0.1,42,16,17,2,20.33,3.48,2017-05-05 03:00
新竹市,新竹,43,,良好,1.6,0.37,0.3,42,14,14,2,18.67,4.22,2017-05-05 04:00
新竹市,新竹,42,,良好,1.4,0.4,0.1,40,17,15,2,19.82,5.22,2017-05-05 05:00
新竹市,新竹,42,,良好,1.6,0.42,0.3,40,19,14,2,24.53,10.22,2017-05-05 06:00
新竹市,新竹,41,,良好,1.7,0.57,1.4,42,20,18,2,36.82,18.44,2017-05-05 07:00
新竹市,新竹,41,,良好,1.8,0.62,9.5,42,20,15,2,23.73,8.63,2017-05-05 08:00
新竹市,新竹,42,,良好,3.3,0.58,14,42,22,17,2,26.61,9.45,2017-05-05 09:00
新竹市,新竹,43,,良好,2.9,0.39,23,47,23,11,2,14.87,3.91,2017-05-05 10:00
新竹市,新竹,43,,良好,2.4,0.33,31,45,21,7.8,2,10.24,2.49,2017-05-05 11:00
新竹市,新竹,44,,良好,,,,,,,2,,,2017-05-05 12:00
新竹市,新竹,42,,良好,1.5,0.29,28,35,31,4.7,2,6.68,2.01,2017-05-05 13:00
新竹市,新竹,40,,良好,1.4,0.26,25,37,22,3.9,2,5.71,1.77,2017-05-05 14:00
新竹市,新竹,39,,良好,1.2,0.25,24,39,14,3.8,2,5.43,1.62,2017-05-05 15:00
新竹市,新竹,39,,良好,1.2,0.27,22,36,18,6.2,2,7.65,1.48,2017-05-05 16:00
新竹市,新竹,39,,良好,1.2,0.29,19,36,13,7.1,2,8.14,1.09,2017-05-05 17:00
新竹市,新竹,37,,良好,1.3,0.32,17,31,12,8.4,2,9.41,.99,2017-05-05 18:00
新竹市,新竹,36,,良好,1.3,0.46,16,33,12,16,2,16.56,.67,2017-05-05 19:00
新竹市,新竹,38,,良好,1.5,0.51,17,50,31,21,2,21.11,.54,2017-05-05 20:00
新竹市,新竹,40,,良好,1.7,0.53,12,48,37,25,2,25.27,.7,2017-05-05 21:00
新竹市,新竹,42,,良好,1.7,0.61,6.6,46,25,29,3,30.15,1.56,2017-05-05 22:00
新竹市,新竹,45,,良好,2.4,0.66,1.2,52,28,32,3,35.84,3.93,2017-05-05 23:00
新竹市,新竹,45,,良好,2.6,0.57,0.4,51,32,29,3,33.1,3.87,2017-05-06 00:00
新竹市,新竹,46,,良好,2.3,0.54,0.7,49,28,27,3,30.63,3.43,2017-05-06 01:00
新竹市,新竹,47,,良好,3.7,0.52,0,48,28,27,3,37.81,10.38,2017-05-06 02:00
新竹市,新竹,46,,良好,2.1,0.46,7.9,46,26,17,3,17.67,.72,2017-05-06 03:00
新竹市,新竹,45,,良好,1.8,0.38,9.1,41,21,12,3,12.77,.92,2017-05-06 04:00
新竹市,新竹,44,,良好,1.6,0.38,11,40,19,11,3,11.62,.73,2017-05-06 05:00
新竹市,新竹,45,,良好,2.4,0.47,2.5,46,22,22,3,27.1,5.43,2017-05-06 06:00
新竹市,新竹,46,,良好,4.5,0.49,7.5,50,25,26,3,34.37,8.2,2017-05-06 07:00
新竹市,新竹,46,,良好,2.8,0.44,20,45,27,17,3,20.15,3.62,2017-05-06 08:00
新竹市,新竹,45,,良好,1.9,0.4,24,36,25,12,3,15.42,3.52,2017-05-06 09:00
新竹市,新竹,44,,良好,1.5,0.46,30,37,21,14,3,17.43,3.45,2017-05-06 10:00
新竹市,新竹,43,,良好,1.7,0.47,48,47,24,13,3,16.09,2.81,2017-05-06 11:00
新竹市,新竹,50,,良好,1.7,0.45,60,60,28,10,3,12.17,1.7,2017-05-06 12:00
新竹市,新竹,50,,良好,1.7,0.45,60,60,28,10,3,12.17,1.7,2017-05-06 12:00
新竹市,新竹,53,臭氧,普通,1.2,0.38,64,58,22,7,3,8.23,1.26,2017-05-06 14:00
新竹市,新竹,52,臭氧,普通,1.1,0.4,62,46,16,9.7,2,11,1.29,2017-05-06 16:00
新竹市,新竹,52,臭氧,普通,1.1,0.4,62,46,16,9.7,2,11,1.29,2017-05-06 16:00
新竹市,新竹,48,,良好,1.5,0.47,51,42,18,15,2,15.95,1.05,2017-05-06 18:00
新竹市,新竹,45,,良好,1.4,0.5,47,36,17,15,2,15.81,.99,2017-05-06 19:00
新竹市,新竹,42,,良好,3.2,0.52,41,30,19,17,2,17.23,.73,2017-05-06 20:00
新竹市,新竹,40,,良好,4.1,0.47,38,31,19,16,2,16.38,.64,2017-05-06 21:00
新竹市,新竹,39,,良好,4.3,0.5,33,33,17,17,2,18.24,.91,2017-05-06 22:00
新竹市,新竹,38,,良好,4.9,0.5,30,34,18,18,2,18.86,.65,2017-05-06 23:00
新竹市,新竹,38,,良好,3.1,0.44,33,35,18,15,2,16.05,.98,2017-05-07 00:00
新竹市,新竹,37,,良好,3.7,0.39,30,33,13,14,2,15.4,.95,2017-05-07 01:00
新竹市,新竹,35,,良好,2.4,0.32,29,27,9,14,2,15.3,1.01,2017-05-07 02:00
新竹市,新竹,31,,良好,2,0.27,35,17,4,11,2,12.04,.91,2017-05-07 03:00
新竹市,新竹,32,,良好,1.9,0.27,38,15,2,6.2,1,7.13,.9,2017-05-07 04:00
新竹市,新竹,31,,良好,2.2,0.22,38,15,4,8.9,1,9.69,.81,2017-05-07 05:00
新竹市,新竹,35,,良好,1.5,0.21,42,25,5,5.6,1,6.31,.68,2017-05-07 06:00
新竹市,新竹,28,,良好,2.7,0.26,33,23,5,10,1,11.18,.99,2017-05-07 07:00
新竹市,新竹,31,,良好,3.1,0.22,37,16,8,8,1,9.54,1.58,2017-05-07 08:00
新竹市,新竹,34,,良好,3.2,0.29,40,19,8,8.9,1,10.88,2.01,2017-05-07 09:00
新竹市,新竹,34,,良好,3.2,0.29,40,19,8,8.9,1,10.88,2.01,2017-05-07 09:00
新竹市,新竹,41,,良好,4.3,0.33,49,30,8,11,1,14.14,2.77,2017-05-07 11:00
新竹市,新竹,46,,良好,3.3,0.28,55,37,11,7.8,1,9.58,1.81,2017-05-07 12:00
新竹市,新竹,49,,良好,3,0.28,59,44,18,7.7,1,9.32,1.6,2017-05-07 13:00
新竹市,新竹,50,,良好,3.4,0.3,59,40,17,8.9,1,10.4,1.55,2017-05-07 14:00
新竹市,新竹,48,,良好,3.2,0.31,57,35,14,9.3,2,10.8,1.5,2017-05-07 15:00
新竹市,新竹,42,,良好,2.6,0.3,51,41,19,9.4,2,10.87,1.48,2017-05-07 16:00
新竹市,新竹,41,,良好,2.4,0.33,49,53,17,10,2,11.29,1.21,2017-05-07 17:00
新竹市,新竹,43,,良好,2.3,0.4,42,72,18,14,2,15.33,1.08,2017-05-07 18:00
新竹市,新竹,52,懸浮微粒,普通,2.5,0.4,41,102,28,15,2,15.86,.82,2017-05-07 19:00
新竹市,新竹,59,懸浮微粒,普通,2.1,0.35,42,114,32,12,2,13.08,.64,2017-05-07 20:00
新竹市,新竹,65,懸浮微粒,普通,1.9,0.35,42,118,29,12,2,12.91,.76,2017-05-07 21:00
新竹市,新竹,70,懸浮微粒,普通,2.5,0.37,38,120,28,15,3,15.73,.82,2017-05-07 22:00
新竹市,新竹,74,懸浮微粒,普通,2.2,0.35,37,121,25,14,3,15.24,.79,2017-05-07 23:00
新竹市,新竹,74,懸浮微粒,普通,2.2,0.35,37,121,25,14,3,15.24,.79,2017-05-07 23:00
新竹市,新竹,76,懸浮微粒,普通,2,0.32,35,110,24,10,3,11,.83,2017-05-08 01:00
新竹市,新竹,76,懸浮微粒,普通,2,0.32,35,110,24,10,3,11,.83,2017-05-08 01:00
新竹市,新竹,76,懸浮微粒,普通,0.8,0.31,25,95,21,11,2,11.39,.78,2017-05-08 03:00
新竹市,新竹,75,懸浮微粒,普通,0.9,0.32,22,85,23,7,2,7.05,.07,2017-05-08 04:00
新竹市,新竹,75,懸浮微粒,普通,0.8,0.43,20,91,28,8.8,3,9.29,.46,2017-05-08 05:00
新竹市,新竹,74,懸浮微粒,普通,1.4,0.45,15,91,25,13,3,13.87,.67,2017-05-08 06:00
新竹市,新竹,74,懸浮微粒,普通,2,0.52,13,91,26,18,3,21.13,3.07,2017-05-08 07:00
新竹市,新竹,74,懸浮微粒,普通,2.4,0.64,21,103,30,18,3,21.34,3.44,2017-05-08 08:00
新竹市,新竹,76,懸浮微粒,普通,3.7,0.6,30,116,29,16,3,19.68,4.18,2017-05-08 09:00
新竹市,新竹,78,懸浮微粒,普通,3.8,0.49,45,115,26,11,3,12.8,1.84,2017-05-08 10:00
新竹市,新竹,79,懸浮微粒,普通,4.3,0.5,53,118,27,14,3,16.26,2.27,2017-05-08 11:00
新竹市,新竹,80,懸浮微粒,普通,3.1,0.41,63,119,28,6.7,3,7.75,1.07,2017-05-08 12:00
新竹市,新竹,80,懸浮微粒,普通,2.2,0.35,61,105,25,5.2,3,5.74,.58,2017-05-08 13:00
新竹市,新竹,78,懸浮微粒,普通,1.4,0.31,54,96,22,4.4,3,5.23,.86,2017-05-08 14:00
新竹市,新竹,78,懸浮微粒,普通,1.1,0.31,43,,,5.4,3,6.3,.92,2017-05-08 15:00
新竹市,新竹,75,懸浮微粒,普通,1.3,0.33,44,88,24,5.7,3,6.78,1.11,2017-05-08 16:00
新竹市,新竹,74,懸浮微粒,普通,1.6,0.36,43,88,25,9.2,3,10.24,1,2017-05-08 17:00
新竹市,新竹,73,懸浮微粒,普通,1.7,0.44,45,91,22,9.8,3,10.71,.91,2017-05-08 18:00
新竹市,新竹,72,懸浮微粒,普通,2,0.51,40,86,18,13,3,13.37,.5,2017-05-08 19:00
新竹市,新竹,72,懸浮微粒,普通,1.4,0.46,48,83,18,7.7,2,8.05,.32,2017-05-08 20:00
新竹市,新竹,70,懸浮微粒,普通,1.6,0.5,42,88,18,12,2,11.89,.39,2017-05-08 22:00
新竹市,新竹,70,懸浮微粒,普通,1.8,0.6,28,94,19,19,2,20.01,.6,2017-05-08 23:00
新竹市,新竹,70,懸浮微粒,普通,1.7,0.53,24,95,24,17,2,17.79,.72,2017-05-09 00:00
新竹市,新竹,70,懸浮微粒,普通,1.7,0.45,22,90,26,15,2,15.49,.58,2017-05-09 01:00
新竹市,新竹,70,懸浮微粒,普通,1.9,0.44,9.5,86,26,19,2,19.2,.69,2017-05-09 02:00
新竹市,新竹,69,懸浮微粒,普通,2.4,0.47,14,81,24,19,3,19.27,.77,2017-05-09 03:00
新竹市,新竹,67,懸浮微粒,普通,2,0.41,18,67,24,12,3,12.55,.06,2017-05-09 04:00
新竹市,新竹,63,懸浮微粒,普通,1.6,0.25,16,45,18,7.9,2,8.13,.24,2017-05-09 05:00
新竹市,新竹,59,懸浮微粒,普通,1.8,0.25,11,37,12,8.1,2,8.53,.4,2017-05-09 06:00
新竹市,新竹,54,懸浮微粒,普通,1.3,0.22,29,28,3,7.2,2,8.17,.97,2017-05-09 07:00
新竹市,新竹,50,,良好,1,0.39,33,21,2,14,2,14.98,1.03,2017-05-09 08:00
新竹市,新竹,45,,良好,0.9,0.42,39,22,8,12,2,13.56,1.91,2017-05-09 09:00
新竹市,新竹,40,,良好,0.9,0.3,44,20,5,5.4,1,6.51,1.07,2017-05-09 10:00
新竹市,新竹,40,,良好,0.8,0.29,47,18,1,5.5,1,6.2,.74,2017-05-09 11:00
新竹市,新竹,38,,良好,0.8,0.3,46,16,1,5.7,1,6.6,.91,2017-05-09 12:00
新竹市,新竹,35,,良好,0.9,0.28,42,13,1,5.3,1,5.97,.7,2017-05-09 13:00
新竹市,新竹,36,,良好,0.9,0.27,44,17,1,5.4,1,6.04,.62,2017-05-09 14:00
新竹市,新竹,36,,良好,0.7,0.25,43,15,4,4.5,1,5.22,.73,2017-05-09 15:00
新竹市,新竹,39,,良好,0.9,0.23,47,17,10,3.9,1,4.46,.54,2017-05-09 16:00
新竹市,新竹,34,,良好,1,0.29,41,23,6,7.6,1,8.2,.57,2017-05-09 17:00
新竹市,新竹,26,,良好,1.2,0.39,31,25,4,12,1,12.57,.96,2017-05-09 18:00
新竹市,新竹,27,,良好,0.8,0.39,32,25,6,8.4,1,8.95,.55,2017-05-09 19:00
新竹市,新竹,22,,良好,1,0.63,19,25,8,20,1,20.69,.62,2017-05-09 20:00
新竹市,新竹,23,,良好,1.1,0.63,6.1,30,8,27,1,28.33,1.7,2017-05-09 21:00
新竹市,新竹,25,,良好,1.2,0.68,4.8,33,8,26,1,30.57,4.46,2017-05-09 22:00
新竹市,新竹,26,,良好,1.1,0.49,5.8,32,10,19,1,21,1.92,2017-05-09 23:00
新竹市,新竹,28,,良好,1.1,0.33,9.1,30,8,13,1,14,1,2017-05-10 00:00
新竹市,新竹,28,,良好,0.9,0.31,10,27,8,12,1,13.07,.6,2017-05-10 01:00
新竹市,新竹,27,,良好,1.9,0.25,13,27,7,11,1,11.07,.31,2017-05-10 02:00
新竹市,新竹,27,,良好,1.9,0.21,17,27,7,7.6,1,8.01,.39,2017-05-10 03:00
新竹市,新竹,27,,良好,2.1,0.19,19,24,8,7.5,1,8.33,.79,2017-05-10 04:00
新竹市,新竹,26,,良好,1.7,0.2,18,22,9,8.2,1,8.8,.59,2017-05-10 05:00
新竹市,新竹,25,,良好,1.7,0.23,19,22,11,8.7,1,9.32,.66,2017-05-10 06:00
新竹市,新竹,25,,良好,1.9,0.28,17,26,8,14,1,16.57,2.83,2017-05-10 07:00
新竹市,新竹,27,,良好,2,0.5,19,32,7,20,1,26.87,6.61,2017-05-10 08:00
新竹市,新竹,29,,良好,2.2,0.65,27,37,8,26,1,33.33,7.8,2017-05-10 09:00
新竹市,新竹,35,,良好,2.5,0.5,42,39,15,19,1,23.71,4.41,2017-05-10 10:00
新竹市,新竹,54,臭氧,普通,4.1,0.45,65,46,33,16,2,18.14,2.34,2017-05-10 11:00
新竹市,新竹,56,臭氧,普通,4.6,0.42,67,51,35,14,2,15.79,1.52,2017-05-10 12:00
新竹市,新竹,57,臭氧,普通,4.6,0.36,68,45,18,12,2,13.48,1.54,2017-05-10 13:00
新竹市,新竹,58,臭氧,普通,3.2,0.32,69,41,12,9.5,2,10.63,1.14,2017-05-10 14:00
新竹市,新竹,55,臭氧,普通,2.6,0.3,66,39,13,9.2,2,10.53,1.36,2017-05-10 15:00
新竹市,新竹,60,臭氧,普通,2.3,0.34,71,41,12,14,2,16.23,1.75,2017-05-10 16:00
新竹市,新竹,62,臭氧,普通,2.4,0.37,75,43,15,12,2,12.62,.96,2017-05-10 17:00
新竹市,新竹,52,臭氧,普通,2.4,0.41,63,38,17,12,2,13.07,.67,2017-05-10 18:00
新竹市,新竹,43,,良好,2.8,0.49,52,36,14,15,2,16.26,.76,2017-05-10 19:00
新竹市,新竹,40,,良好,2.1,0.97,26,40,18,26,2,27.12,.89,2017-05-10 20:00
新竹市,新竹,41,,良好,2,0.83,15,43,20,27,2,28.45,1.55,2017-05-10 21:00
新竹市,新竹,42,,良好,2.2,0.67,14,48,15,27,2,29.51,2.59,2017-05-10 22:00
新竹市,新竹,44,,良好,2.2,0.49,22,47,13,17,2,18.16,.91,2017-05-10 23:00
新竹市,新竹,44,,良好,2.2,0.47,16,45,15,19,2,20,.92,2017-05-11 00:00
新竹市,新竹,44,,良好,2.1,0.36,19,46,18,15,2,15.83,.67,2017-05-11 01:00
新竹市,新竹,45,,良好,1.9,0.36,17,47,19,15,2,15.36,.83,2017-05-11 02:00
新竹市,新竹,45,,良好,1.9,0.31,21,50,20,12,2,12.91,.68,2017-05-11 03:00
新竹市,新竹,46,,良好,1.9,0.32,15,46,18,14,2,14.88,.99,2017-05-11 04:00
新竹市,新竹,46,,良好,2,0.25,15,46,19,12,2,13.43,1.14,2017-05-11 05:00
新竹市,新竹,45,,良好,2.4,0.16,27,38,16,6.2,2,7.03,.8,2017-05-11 06:00
新竹市,新竹,42,,良好,2.8,0.18,29,29,10,6,2,6.97,.97,2017-05-11 07:00
新竹市,新竹,40,,良好,3.1,0.44,22,31,12,14,2,16.41,2.41,2017-05-11 08:00
新竹市,新竹,37,,良好,3,0.46,25,32,13,14,2,17.12,3.54,2017-05-11 09:00
新竹市,新竹,38,,良好,2.8,0.41,32,46,18,15,2,18.46,3.93,2017-05-11 10:00
新竹市,新竹,42,,良好,2.3,0.31,39,58,20,12,2,15.24,3.25,2017-05-11 11:00
新竹市,新竹,46,,良好,2,0.31,49,58,18,9.8,2,11.66,1.88,2017-05-11 12:00
新竹市,新竹,50,,良好,2.6,0.3,48,58,19,12,2,14.81,2.38,2017-05-11 13:00
新竹市,新竹,50,,良好,2.2,0.31,55,49,20,10,2,11.99,2.04,2017-05-11 14:00
新竹市,新竹,51,臭氧,普通,2.2,0.32,61,48,18,9.7,2,11.54,1.83,2017-05-11 15:00
新竹市,新竹,51,臭氧,普通,3.3,0.37,61,56,18,14,2,15.88,2.01,2017-05-11 16:00
新竹市,新竹,50,,良好,2.9,0.4,57,59,22,14,2,15.65,1.88,2017-05-11 17:00
新竹市,新竹,51,懸浮微粒,普通,2.7,0.55,49,58,29,20,2,20.94,1.32,2017-05-11 18:00
新竹市,新竹,52,懸浮微粒,普通,2.1,0.56,41,58,24,18,2,19.61,1.22,2017-05-11 19:00
新竹市,新竹,52,懸浮微粒,普通,2,0.65,31,44,18,18,2,19.14,.94,2017-05-11 20:00
新竹市,新竹,50,,良好,2.2,0.9,19,38,21,28,2,29.83,2.3,2017-05-11 21:00
新竹市,新竹,48,,良好,2.2,0.82,13,39,20,30,2,32.34,2.66,2017-05-11 22:00
新竹市,新竹,45,,良好,1.8,0.51,24,37,20,16,2,17.24,1.09,2017-05-11 23:00
新竹市,新竹,43,,良好,1.8,0.33,26,35,17,9.9,2,10.86,1.01,2017-05-12 00:00
新竹市,新竹,41,,良好,1.9,0.27,25,35,15,8,2,8.95,.97,2017-05-12 01:00
新竹市,新竹,40,,良好,1.8,0.26,21,31,18,9.7,2,10.6,.93,2017-05-12 02:00
新竹市,新竹,38,,良好,2,0.22,22,32,17,9.2,2,10.2,1.05,2017-05-12 03:00
新竹市,新竹,37,,良好,1.8,0.19,22,32,13,7.3,2,7.82,.48,2017-05-12 04:00
新竹市,新竹,35,,良好,2.1,0.28,15,26,13,10,2,10.9,.71,2017-05-12 05:00
新竹市,新竹,33,,良好,2.1,0.36,8.5,27,13,14,2,15.54,1.06,2017-05-12 06:00
新竹市,新竹,32,,良好,2.7,0.5,4.9,32,12,20,2,27.5,7.05,2017-05-12 07:00
新竹市,新竹,32,,良好,3.5,0.67,8.9,36,15,22,2,30.02,8.29,2017-05-12 08:00
新竹市,新竹,35,,良好,4.9,0.75,13,48,18,22,2,29.87,8.33,2017-05-12 09:00
新竹市,新竹,39,,良好,4.9,0.38,22,57,16,15,2,19.04,4.07,2017-05-12 10:00
新竹市,新竹,43,,良好,3.8,0.38,32,53,14,13,2,16.47,3.38,2017-05-12 11:00
新竹市,新竹,46,,良好,3.1,0.37,41,53,15,9.9,2,12.18,2.25,2017-05-12 12:00
新竹市,新竹,47,,良好,2.3,0.33,49,55,18,8.4,2,10.04,1.68,2017-05-12 13:00
新竹市,新竹,47,,良好,1.8,0.26,39,50,15,6.3,2,7.33,1.02,2017-05-12 14:00
新竹市,新竹,49,,良好,1.5,0.27,39,56,13,6.9,2,8.26,1.33,2017-05-12 15:00
新竹市,新竹,50,,良好,1.8,0.29,54,53,10,9.6,2,11.21,1.62,2017-05-12 16:00
新竹市,新竹,49,,良好,1.6,0.31,27,45,7,8.6,2,10.21,1.65,2017-05-12 17:00
新竹市,新竹,48,,良好,1.6,0.44,39,40,4,9.9,1,12.24,2.3,2017-05-12 18:00
新竹市,新竹,45,,良好,1.9,0.6,,31,3,17,1,20.28,3.4,2017-05-12 19:00
新竹市,新竹,42,,良好,1.8,0.5,,32,7,16,1,19.89,3.43,2017-05-12 20:00
新竹市,新竹,41,,良好,1.9,0.45,30,36,6,12,1,15.09,2.66,2017-05-12 21:00
新竹市,新竹,39,,良好,2,0.41,,33,7,9.9,1,11.68,1.74,2017-05-12 22:00
新竹市,新竹,39,,良好,2,0.41,,33,7,9.9,1,11.68,1.74,2017-05-12 22:00
新竹市,新竹,37,,良好,1.7,0.2,36,28,5,7.7,1,8.74,1.03,2017-05-13 00:00
新竹市,新竹,34,,良好,1.3,0.19,,23,5,7.8,1,8.92,1.08,2017-05-13 01:00
新竹市,新竹,32,,良好,1.6,0.22,33,25,2,9.4,1,10.78,1.35,2017-05-13 02:00
新竹市,新竹,30,,良好,1.6,0.24,26,29,4,10,1,11.12,.98,2017-05-13 03:00
新竹市,新竹,29,,良好,1.5,0.25,,29,5,10,1,11.77,1.79,2017-05-13 04:00
新竹市,新竹,30,,良好,1.3,0.26,,30,4,8.4,1,10.01,1.63,2017-05-13 05:00
新竹市,新竹,29,,良好,1.3,0.18,31,27,4,4.7,1,6.2,1.45,2017-05-13 06:00
新竹市,新竹,28,,良好,1.3,0.21,,23,3,8.9,1,11.87,2.95,2017-05-13 07:00
新竹市,新竹,27,,良好,1.4,0.28,29,24,4,7.6,1,9.67,2.1,2017-05-13 08:00
新竹市,新竹,26,,良好,1.3,0.35,22,22,5,9.1,1,10.88,1.8,2017-05-13 09:00
新竹市,新竹,26,,良好,1.3,0.35,22,22,5,9.1,1,10.88,1.8,2017-05-13 09:00
新竹市,新竹,29,,良好,1.5,0.41,35,22,8,8,1,10.17,2.14,2017-05-13 11:00
新竹市,新竹,33,,良好,1.5,0.42,40,28,6,8.3,1,9.97,1.66,2017-05-13 12:00
新竹市,新竹,36,,良好,1.7,0.46,43,25,2,9.2,1,10.63,1.44,2017-05-13 13:00
新竹市,新竹,40,,良好,1.7,0.39,48,29,4,7.3,1,8.76,1.5,2017-05-13 14:00
新竹市,新竹,34,,良好,2.1,0.5,40,32,8,12,1,14.24,2.03,2017-05-13 15:00
新竹市,新竹,30,,良好,2.4,0.48,36,36,9,15,1,16.94,2.32,2017-05-13 16:00
新竹市,新竹,33,,良好,1.9,0.48,36,52,9,17,1,19.48,2.32,2017-05-13 17:00
新竹市,新竹,36,,良好,2.4,0.52,36,45,10,19,1,20.9,1.83,2017-05-13 18:00
新竹市,新竹,36,,良好,2.7,0.54,31,32,11,22,1,24.15,1.75,2017-05-13 19:00
新竹市,新竹,36,,良好,2.2,0.45,36,30,11,13,1,13.96,1.21,2017-05-13 20:00
新竹市,新竹,33,,良好,3.9,0.52,17,28,8,31,1,33.55,2.34,2017-05-13 21:00
新竹市,新竹,31,,良好,3.1,0.51,16,31,8,28,1,30.15,1.95,2017-05-13 22:00
新竹市,新竹,32,,良好,3,0.52,17,36,9,25,1,26.99,1.88,2017-05-13 23:00
新竹市,新竹,34,,良好,2.4,0.41,26,38,12,15,1,16.62,1.38,2017-05-14 00:00
新竹市,新竹,35,,良好,2.5,0.47,15,34,15,17,1,18.59,1.4,2017-05-14 01:00
新竹市,新竹,36,,良好,2.2,0.53,11,37,18,14,2,15.7,1.28,2017-05-14 02:00
新竹市,新竹,37,,良好,3,0.54,5.4,42,18,24,2,25.48,1.7,2017-05-14 03:00
新竹市,新竹,39,,良好,4.3,0.53,4.5,46,16,28,2,30.24,2.68,2017-05-14 04:00
新竹市,新竹,40,,良好,2.9,0.47,3,44,13,22,2,24.03,1.85,2017-05-14 05:00
新竹市,新竹,39,,良好,1.8,0.38,7,35,10,9.8,2,11.46,1.69,2017-05-14 06:00
新竹市,新竹,38,,良好,2.1,0.45,11,31,12,10,2,13.36,3.34,2017-05-14 07:00
新竹市,新竹,36,,良好,2.4,0.48,21,33,18,13,2,16.22,3.69,2017-05-14 08:00
新竹市,新竹,36,,良好,3.4,0.48,28,37,18,15,2,19.33,4.05,2017-05-14 09:00
新竹市,新竹,36,,良好,3.1,0.35,41,37,15,9.3,2,11.52,2.27,2017-05-14 10:00
新竹市,新竹,42,,良好,2.6,0.34,51,34,15,8.8,2,10.95,2.16,2017-05-14 11:00
新竹市,新竹,55,臭氧,普通,2.4,0.36,67,36,14,8.7,2,10.45,1.77,2017-05-14 12:00
新竹市,新竹,53,臭氧,普通,1.7,0.3,64,33,13,5.1,2,6.34,1.27,2017-05-14 13:00
新竹市,新竹,50,,良好,1.8,0.27,60,27,9,4.9,2,6.26,1.36,2017-05-14 14:00
新竹市,新竹,46,,良好,1.9,0.27,56,29,9,7.5,2,8.79,1.33,2017-05-14 15:00
新竹市,新竹,40,,良好,1.7,0.25,48,22,13,5.9,2,7.41,1.47,2017-05-14 16:00
新竹市,新竹,38,,良好,1.8,0.28,45,21,9,7.1,1,8.57,1.42,2017-05-14 17:00
新竹市,新竹,34,,良好,2,0.31,41,25,5,11,1,12.22,1.35,2017-05-14 18:00
新竹市,新竹,33,,良好,1.8,0.4,40,30,11,11,1,11.69,.98,2017-05-14 19:00
新竹市,新竹,29,,良好,3.3,0.44,27,35,15,20,1,21.51,1.08,2017-05-14 20:00
新竹市,新竹,30,,良好,4.7,0.5,19,33,14,29,2,30.08,1.41,2017-05-14 21:00
新竹市,新竹,31,,良好,3,0.48,17,29,16,22,2,23.59,1.38,2017-05-14 22:00
新竹市,新竹,30,,良好,2,0.5,17,27,12,19,2,20.46,1.5,2017-05-14 23:00
新竹市,新竹,30,,良好,2.1,0.57,7.6,34,11,24,2,25.51,1.75,2017-05-15 00:00
新竹市,新竹,31,,良好,1.9,0.52,8.3,40,17,22,2,23.84,1.49,2017-05-15 01:00
新竹市,新竹,32,,良好,2,0.33,24,33,20,10,2,11.62,1.17,2017-05-15 02:00
新竹市,新竹,31,,良好,2.1,0.31,23,26,18,7.4,2,8.4,1.02,2017-05-15 03:00
新竹市,新竹,31,,良好,2.2,0.31,19,26,18,11,2,12.76,1.6,2017-05-15 04:00
新竹市,新竹,29,,良好,2.5,0.29,20,28,18,10,2,11.8,1.39,2017-05-15 05:00
新竹市,新竹,29,,良好,2.8,0.28,20,30,18,10,2,11.67,1.69,2017-05-15 06:00
新竹市,新竹,30,,良好,2.8,0.42,12,34,16,17,2,21.95,4.71,2017-05-15 07:00
新竹市,新竹,31,,良好,3.3,0.55,18,33,16,21,2,29.75,8.77,2017-05-15 08:00
新竹市,新竹,33,,良好,3.6,0.54,38,38,22,15,2,19.46,4.84,2017-05-15 09:00
新竹市,新竹,42,,良好,3.3,0.5,51,40,25,11,2,14.28,2.92,2017-05-15 10:00
新竹市,新竹,50,,良好,3.1,0.45,60,43,20,13,2,16.4,2.91,2017-05-15 11:00
新竹市,新竹,59,臭氧,普通,3.1,0.39,71,48,19,10,2,12.76,2.48,2017-05-15 12:00
新竹市,新竹,55,臭氧,普通,2.6,0.3,66,43,22,9.5,2,11.71,2.24,2017-05-15 13:00
新竹市,新竹,40,,良好,,,,,,,2,,,2017-05-15 14:00
新竹市,新竹,45,,良好,2,0.29,54,44,21,10,2,12.7,2.45,2017-05-15 15:00
新竹市,新竹,48,,良好,2,0.29,50,74,24,11,2,13.26,2.21,2017-05-15 16:00
新竹市,新竹,48,,良好,2,0.29,50,74,24,11,2,13.26,2.21,2017-05-15 16:00
新竹市,新竹,53,懸浮微粒,普通,2,0.35,37,80,21,15,2,17.8,2.73,2017-05-15 17:00
新竹市,新竹,52,懸浮微粒,普通,1.8,0.36,41,32,9,12,2,13.4,1.53,2017-05-15 19:00
新竹市,新竹,46,,良好,1.8,0.25,45,26,7,8.2,2,9.64,1.47,2017-05-15 20:00
新竹市,新竹,39,,良好,2,0.28,44,26,7,10,2,11.53,1.45,2017-05-15 21:00
新竹市,新竹,34,,良好,1.8,0.29,40,12,7,11,1,11.88,1.38,2017-05-15 22:00
新竹市,新竹,34,,良好,1.7,0.27,41,10,6,9.7,1,11.34,1.67,2017-05-15 23:00
新竹市,新竹,37,,良好,2,0.22,44,12,5,10,1,11.53,1.48,2017-05-16 00:00
新竹市,新竹,40,,良好,1.9,0.2,49,14,5,7.3,1,8.81,1.52,2017-05-16 01:00
新竹市,新竹,37,,良好,1.8,0.23,44,14,6,8.6,1,10.17,1.61,2017-05-16 02:00
新竹市,新竹,37,,良好,1.7,0.23,44,18,8,9.8,1,11.61,1.79,2017-05-16 03:00
新竹市,新竹,37,,良好,1.6,0.21,45,19,9,7.9,1,8.07,.19,2017-05-16 04:00
新竹市,新竹,36,,良好,1.7,0.2,43,19,8,8.9,1,9.11,.23,2017-05-16 05:00
新竹市,新竹,29,,良好,1.7,0.18,35,19,9,12,1,12.27,.07,2017-05-16 06:00
新竹市,新竹,28,,良好,2,0.2,34,17,10,14,1,13.99,.29,2017-05-16 07:00
新竹市,新竹,18,,良好,1.9,0.37,22,17,10,25,1,26.78,1.56,2017-05-16 08:00
新竹市,新竹,16,,良好,2.2,0.54,16,16,9,33,1,35.96,3.29,2017-05-16 09:00
新竹市,新竹,16,,良好,2.5,0.48,19,14,9,34,1,37.91,3.77,2017-05-16 10:00
新竹市,新竹,16,,良好,2.3,0.5,19,17,10,34,1,37.97,4.11,2017-05-16 11:00
新竹市,新竹,37,,良好,1.8,0.29,45,18,5,17,1,18.63,1.73,2017-05-16 12:00
新竹市,新竹,40,,良好,1.5,0.27,48,9,2,15,1,16.25,1.21,2017-05-16 13:00
新竹市,新竹,38,,良好,1.6,0.29,46,7,2,16,1,17.16,.83,2017-05-16 14:00
新竹市,新竹,38,,良好,1.6,0.26,46,10,1,17,1,17.75,1.16,2017-05-16 15:00
新竹市,新竹,32,,良好,1.7,0.31,38,9,2,24,1,25.12,1.45,2017-05-16 16:00
新竹市,新竹,39,,良好,1.6,0.3,47,13,7,19,1,19.64,1.03,2017-05-16 17:00
新竹市,新竹,33,,良好,1.7,0.38,40,17,8,22,1,23.39,.93,2017-05-16 18:00
新竹市,新竹,32,,良好,1.8,0.4,38,13,6,23,1,23.25,.53,2017-05-16 19:00
新竹市,新竹,35,,良好,1.5,0.32,42,14,6,18,1,18.12,.41,2017-05-16 20:00
新竹市,新竹,39,,良好,1.5,0.27,47,15,3,14,1,14.02,.51,2017-05-16 21:00
新竹市,新竹,34,,良好,1.6,0.3,41,12,4,15,1,15.32,.18,2017-05-16 22:00
新竹市,新竹,41,,良好,2,0.22,50,12,5,13,1,12.69,.18,2017-05-16 23:00
新竹市,新竹,41,,良好,1.8,0.19,49,14,6,11,1,10.83,.21,2017-05-17 00:00
新竹市,新竹,34,,良好,2.1,0.2,40,15,6,14,1,13.95,.32,2017-05-17 01:00
新竹市,新竹,28,,良好,6.5,0.23,34,17,9,19,1,19.32,.38,2017-05-17 02:00
新竹市,新竹,36,,良好,4.7,0.21,43,17,10,13,1,13.61,.18,2017-05-17 03:00
新竹市,新竹,38,,良好,4,0.18,45,10,7,10,1,11.07,.89,2017-05-17 04:00
新竹市,新竹,43,,良好,2.9,0.16,51,11,7,7.3,1,8.51,1.21,2017-05-17 05:00
新竹市,新竹,46,,良好,2.1,0.16,55,14,5,5.5,1,6.53,1.07,2017-05-17 06:00
新竹市,新竹,44,,良好,1.9,0.19,53,13,5,8.1,1,9.39,1.31,2017-05-17 07:00
新竹市,新竹,40,,良好,2.3,0.38,48,11,8,14,1,16.05,2.25,2017-05-17 08:00
新竹市,新竹,43,,良好,2.8,0.32,52,15,9,12,1,14.56,2.87,2017-05-17 09:00
新竹市,新竹,50,,良好,3,0.26,59,18,9,9.2,1,11.62,2.41,2017-05-17 10:00
新竹市,新竹,56,臭氧,普通,3.2,0.35,68,24,11,12,1,13.95,2.36,2017-05-17 11:00
新竹市,新竹,61,臭氧,普通,3.3,0.35,74,33,15,13,1,15.35,2.22,2017-05-17 12:00
新竹市,新竹,64,臭氧,普通,2.7,0.3,77,36,18,11,1,13.09,2.03,2017-05-17 13:00
新竹市,新竹,62,臭氧,普通,2.6,0.23,74,35,15,8,2,9.73,1.75,2017-05-17 14:00
新竹市,新竹,27,,良好,2.6,0.22,,,,7.4,2,9.16,1.79,2017-05-17 15:00
新竹市,新竹,51,臭氧,普通,,,61,45,22,,2,,,2017-05-17 16:00
新竹市,新竹,49,,良好,2.7,0.25,59,45,21,11,2,13.23,1.95,2017-05-17 17:00
新竹市,新竹,49,,良好,2.7,0.25,59,45,21,11,2,13.23,1.95,2017-05-17 17:00
新竹市,新竹,41,,良好,4.9,0.42,45,54,22,20,2,21.95,1.6,2017-05-17 19:00
新竹市,新竹,43,,良好,4.2,0.37,43,50,22,18,2,19.59,1.3,2017-05-17 20:00
新竹市,新竹,44,,良好,2.5,0.34,45,45,14,14,2,15.61,1.28,2017-05-17 21:00
新竹市,新竹,44,,良好,2.2,0.3,47,40,12,11,2,12.23,1.2,2017-05-17 22:00
新竹市,新竹,42,,良好,2.9,0.28,42,35,10,13,2,14.6,1.19,2017-05-17 23:00
新竹市,新竹,40,,良好,2.7,0.25,41,33,11,13,2,14.25,1.45,2017-05-18 00:00
新竹市,新竹,39,,良好,1.7,0.23,40,34,12,11,2,11.81,1.2,2017-05-18 01:00
新竹市,新竹,39,,良好,2,0.23,35,39,13,14,2,15.13,1.05,2017-05-18 02:00
新竹市,新竹,38,,良好,1.6,0.2,37,33,9,11,2,11.91,1.06,2017-05-18 03:00
新竹市,新竹,38,,良好,1.8,0.22,30,34,8,14,2,15.32,.89,2017-05-18 04:00
新竹市,新竹,38,,良好,2.2,0.23,34,35,9,15,2,16.12,.87,2017-05-18 05:00
新竹市,新竹,35,,良好,2.4,0.22,37,26,10,14,1,14.86,.79,2017-05-18 06:00
新竹市,新竹,32,,良好,1.8,0.26,32,21,8,15,1,16.62,1.94,2017-05-18 07:00
新竹市,新竹,31,,良好,2.7,0.43,37,19,3,20,1,23.37,3.87,2017-05-18 08:00
新竹市,新竹,38,,良好,3,0.39,46,17,6,17,1,20.95,3.78,2017-05-18 09:00
新竹市,新竹,58,臭氧,普通,2.3,0.27,69,20,6,8.6,1,10.33,1.73,2017-05-18 11:00
新竹市,新竹,62,臭氧,普通,2.6,0.26,74,29,4,9.9,1,11.02,1.16,2017-05-18 12:00
新竹市,新竹,63,臭氧,普通,2.9,0.3,76,40,13,11,1,12.41,1.47,2017-05-18 13:00
新竹市,新竹,62,臭氧,普通,2.6,0.27,75,40,21,11,1,12.18,1.38,2017-05-18 14:00
新竹市,新竹,55,臭氧,普通,2.3,0.27,67,35,16,9.3,1,10.65,1.34,2017-05-18 15:00
新竹市,新竹,55,臭氧,普通,2.3,0.27,67,35,16,9.3,1,10.65,1.34,2017-05-18 15:00
新竹市,新竹,40,,良好,2.5,0.31,48,42,15,14,2,15.32,1.69,2017-05-18 17:00
新竹市,新竹,35,,良好,2.6,0.3,42,36,20,14,2,15.94,1.5,2017-05-18 18:00
新竹市,新竹,35,,良好,2.4,0.38,38,37,17,16,2,16.78,1.08,2017-05-18 19:00
新竹市,新竹,35,,良好,2.3,0.36,37,38,16,15,2,16.32,1,2017-05-18 20:00
新竹市,新竹,35,,良好,2.1,0.37,32,34,16,19,2,20.74,1.41,2017-05-18 21:00
新竹市,新竹,36,,良好,1.7,0.37,32,36,15,18,2,18.84,1.16,2017-05-18 22:00
新竹市,新竹,36,,良好,1.6,0.36,34,32,14,15,2,15.7,1.12,2017-05-18 23:00
新竹市,新竹,35,,良好,1.6,0.28,34,33,12,11,2,11.64,.88,2017-05-19 00:00
新竹市,新竹,35,,良好,1.9,0.33,28,35,14,13,2,14,1,2017-05-19 01:00
新竹市,新竹,34,,良好,2.1,0.28,24,31,18,13,2,13.44,.77,2017-05-19 02:00
新竹市,新竹,33,,良好,2,0.23,27,24,17,9.6,2,10.64,1.01,2017-05-19 03:00
新竹市,新竹,31,,良好,1.9,0.2,33,21,12,8.7,2,10.08,1.42,2017-05-19 04:00
新竹市,新竹,28,,良好,1.8,0.22,33,23,12,7.6,2,8.75,1.14,2017-05-19 05:00
新竹市,新竹,27,,良好,1.7,0.24,32,24,13,7.7,2,8.77,1.07,2017-05-19 06:00
新竹市,新竹,26,,良好,1.8,0.32,27,24,10,13,2,14.37,1.48,2017-05-19 07:00
新竹市,新竹,26,,良好,2.1,0.57,20,21,9,25,2,28.54,3.71,2017-05-19 08:00
新竹市,新竹,25,,良好,2.4,0.66,19,25,11,24,2,32.14,8.09,2017-05-19 09:00
新竹市,新竹,27,,良好,2.5,0.46,24,38,11,18,2,24.33,6.2,2017-05-19 10:00
新竹市,新竹,30,,良好,2.3,0.39,34,45,12,14,2,17.54,3.62,2017-05-19 11:00
新竹市,新竹,35,,良好,2.2,0.4,37,54,14,17,2,20.18,3.41,2017-05-19 12:00
新竹市,新竹,39,,良好,2.5,0.4,41,50,18,17,2,20.5,3.3,2017-05-19 13:00
新竹市,新竹,48,,良好,2.9,0.39,57,39,22,15,2,17.15,2.48,2017-05-19 14:00
新竹市,新竹,39,,良好,2,0.38,42,38,16,16,2,18.68,2.31,2017-05-19 15:00
新竹市,新竹,37,,良好,1.8,0.32,38,31,8,15,2,17.57,2.22,2017-05-19 16:00
新竹市,新竹,34,,良好,2,0.46,28,23,6,23,2,25.19,2.52,2017-05-19 17:00
新竹市,新竹,32,,良好,2,0.66,16,24,8,31,1,35.05,4.48,2017-05-19 18:00
新竹市,新竹,29,,良好,1.9,0.55,18,21,8,19,1,21.65,2.52,2017-05-19 19:00
新竹市,新竹,27,,良好,1.9,0.61,11,11,6,25,1,27.64,2.74,2017-05-19 20:00
新竹市,新竹,24,,良好,2,0.5,11,10,3,23,1,25.46,2.32,2017-05-19 21:00
新竹市,新竹,22,,良好,1.9,0.42,11,13,3,21,1,22.66,1.99,2017-05-19 22:00
新竹市,新竹,20,,良好,1.9,0.44,4.2,19,7,25,1,30.95,6.03,2017-05-20 00:00
新竹市,新竹,20,,良好,1.2,0.42,8.8,20,8,18,1,19.89,1.6,2017-05-20 01:00
新竹市,新竹,20,,良好,1.4,0.37,6.1,19,8,19,1,20.26,1.66,2017-05-20 02:00
新竹市,新竹,20,,良好,1.4,0.37,6.1,19,8,19,1,20.26,1.66,2017-05-20 02:00
新竹市,新竹,18,,良好,1.2,0.28,11,14,5,14,1,15.27,1.57,2017-05-20 03:00
新竹市,新竹,17,,良好,1.2,0.2,14,12,5,7.6,1,8.17,.53,2017-05-20 04:00
新竹市,新竹,16,,良好,1.2,0.15,19,11,5,8.5,1,8.97,.45,2017-05-20 05:00
新竹市,新竹,18,,良好,1.2,0.19,21,10,3,9.6,1,10.24,.65,2017-05-20 06:00
新竹市,新竹,17,,良好,1.4,0.37,20,19,9,19,1,23.75,4.66,2017-05-20 08:00
新竹市,新竹,24,,良好,1.8,0.45,28,20,12,17,1,21.17,4.5,2017-05-20 09:00
新竹市,新竹,30,,良好,2.6,0.38,36,25,12,15,1,18.27,3.65,2017-05-20 10:00
新竹市,新竹,38,,良好,2.5,0.4,45,27,11,13,1,14.89,2.2,2017-05-20 11:00
新竹市,新竹,45,,良好,2.4,0.36,54,28,17,10,1,12.17,1.76,2017-05-20 12:00
新竹市,新竹,51,臭氧,普通,2.6,0.37,61,25,19,9.4,2,11,1.63,2017-05-20 13:00
新竹市,新竹,51,臭氧,普通,2.7,0.37,62,24,18,10,2,11.39,1.41,2017-05-20 14:00
新竹市,新竹,52,臭氧,普通,2.2,0.35,62,25,17,8.1,2,8.96,.9,2017-05-20 15:00
新竹市,新竹,52,臭氧,普通,2,0.28,62,54,18,6.9,2,7.51,.66,2017-05-20 16:00
新竹市,新竹,47,,良好,2,0.31,56,55,20,6.9,2,7.95,1.08,2017-05-20 17:00
新竹市,新竹,51,臭氧,普通,2,0.4,62,34,18,10,2,11.51,1.08,2017-05-20 18:00
新竹市,新竹,52,臭氧,普通,2.3,0.45,63,38,24,17,2,17.58,.58,2017-05-20 20:00
新竹市,新竹,35,,良好,2.7,0.4,,31,20,20,2,20.62,.62,2017-05-20 21:00
新竹市,新竹,33,,良好,3.4,0.39,18,22,11,23,2,23.87,.84,2017-05-20 22:00
新竹市,新竹,31,,良好,4.1,0.43,12,23,6,27,2,27.71,1.14,2017-05-20 23:00
新竹市,新竹,29,,良好,3.8,0.34,14,22,8,24,2,25.38,1.04,2017-05-21 00:00
新竹市,新竹,27,,良好,1.9,0.34,16,22,8,21,2,22.14,.89,2017-05-21 01:00
新竹市,新竹,28,,良好,1.9,0.31,12,27,5,20,1,20.61,.62,2017-05-21 02:00
新竹市,新竹,28,,良好,1.9,0.31,12,27,5,20,1,20.61,.62,2017-05-21 02:00
新竹市,新竹,29,,良好,2.3,0.35,8.3,29,7,16,1,16.93,.81,2017-05-21 03:00
新竹市,新竹,30,,良好,4.7,0.3,1.6,33,10,19,1,25.44,6.49,2017-05-21 04:00
新竹市,新竹,30,,良好,1.9,0.32,2.8,34,10,13,1,15.19,1.77,2017-05-21 05:00
新竹市,新竹,31,,良好,1.4,0.33,4.7,33,9,9.1,1,10.61,1.49,2017-05-21 06:00
新竹市,新竹,29,,良好,3.7,0.33,23,22,12,13,1,18.45,5.65,2017-05-21 08:00
新竹市,新竹,29,,良好,2.6,0.34,35,12,4,10,1,13.11,2.76,2017-05-21 09:00
新竹市,新竹,34,,良好,2.4,0.32,40,78,14,9,1,10.94,1.93,2017-05-21 10:00
新竹市,新竹,35,,良好,1.4,0.27,42,,46,7,2,8.57,1.53,2017-05-21 11:00
新竹市,新竹,88,懸浮微粒,普通,1.4,0.26,45,460,40,5.4,2,6.79,1.42,2017-05-21 12:00
新竹市,新竹,0,,,1.4,0.27,48,,11,6.1,2,7.33,1.27,2017-05-21 13:00
新竹市,新竹,0,,,1.6,0.27,49,26,7,7,2,8.52,1.52,2017-05-21 14:00
新竹市,新竹,87,懸浮微粒,普通,1.6,0.28,45,30,7,8.2,2,9.55,1.38,2017-05-21 15:00
新竹市,新竹,50,,良好,1.4,0.27,45,24,8,6.7,2,8,1.28,2017-05-21 16:00
新竹市,新竹,50,,良好,1.4,0.31,42,22,7,7.7,1,9.25,1.53,2017-05-21 17:00
新竹市,新竹,49,,良好,1.3,0.29,36,25,7,9.5,1,11.04,1.5,2017-05-21 18:00
新竹市,新竹,48,,良好,1.5,0.33,33,24,4,9.9,1,10.8,.88,2017-05-21 19:00
新竹市,新竹,47,,良好,2.1,0.34,30,17,5,14,1,15.23,.84,2017-05-21 20:00
新竹市,新竹,47,,良好,3.2,0.31,30,18,8,14,1,14.75,.89,2017-05-21 21:00
新竹市,新竹,43,,良好,3.7,0.27,31,20,8,13,1,13.75,.71,2017-05-21 22:00
新竹市,新竹,40,,良好,2.4,0.26,32,17,8,11,1,11.92,.57,2017-05-21 23:00
新竹市,新竹,40,,良好,2.4,0.26,32,17,8,11,1,11.92,.57,2017-05-21 23:00
新竹市,新竹,23,,良好,2.6,0.27,28,14,3,11,1,11.81,.61,2017-05-22 01:00
新竹市,新竹,23,,良好,2.6,0.27,28,14,3,11,1,11.81,.61,2017-05-22 01:00
新竹市,新竹,23,,良好,2.6,0.27,28,14,3,11,1,11.81,.61,2017-05-22 01:00
新竹市,新竹,23,,良好,2.6,0.27,28,14,3,11,1,11.81,.61,2017-05-22 01:00
新竹市,新竹,23,,良好,2.6,0.27,28,14,3,11,1,11.81,.61,2017-05-22 01:00
新竹市,新竹,14,,良好,1.8,0.22,17,10,1,10,1,11.73,1.24,2017-05-22 05:00
新竹市,新竹,14,,良好,1.5,0.24,17,10,2,7.5,1,8.6,1.1,2017-05-22 06:00
新竹市,新竹,12,,良好,1.8,0.28,6.1,16,5,11,1,15.55,4.46,2017-05-22 07:00
新竹市,新竹,15,,良好,2,0.53,9.6,20,2,17,1,26.58,9.46,2017-05-22 09:00
新竹市,新竹,16,,良好,1.9,0.49,18,,20,15,1,23.75,8.34,2017-05-22 10:00
新竹市,新竹,58,懸浮微粒,普通,1.9,0.55,29,257,31,22,1,31.63,9.15,2017-05-22 11:00
新竹市,新竹,0,,,2.9,0.55,35,120,26,29,,41.88,12.62,2017-05-22 12:00
新竹市,新竹,0,,,4.1,0.55,50,79,21,15,,17.55,2.82,2017-05-22 13:00
新竹市,新竹,57,臭氧,普通,3.3,0.49,68,60,20,12,2,13.57,2.03,2017-05-22 14:00
新竹市,新竹,0,,,3.3,0.49,68,60,20,12,2,13.57,2.03,2017-05-22 14:00
新竹市,新竹,0,,,1.8,0.38,69,119,27,9.5,2,11.07,1.62,2017-05-22 16:00
新竹市,新竹,0,,,1.8,0.38,69,119,27,9.5,2,11.07,1.62,2017-05-22 16:00
新竹市,新竹,0,,,2,0.53,52,74,20,19,2,20.83,1.55,2017-05-22 18:00
新竹市,新竹,0,,,2.9,0.59,29,45,18,26,2,27.77,1.73,2017-05-22 19:00
新竹市,新竹,0,,,2.3,0.51,18,37,11,22,2,23.78,1.75,2017-05-22 20:00
新竹市,新竹,0,,,2.1,0.64,5.6,24,8,25,2,28.77,3.86,2017-05-22 22:00
新竹市,新竹,0,,,2.1,0.57,5.2,29,9,22,2,24.76,2.54,2017-05-22 23:00
新竹市,新竹,0,,,2.3,0.58,13,35,13,21,2,24.68,3.24,2017-05-23 00:00
新竹市,新竹,36,,良好,2.5,0.43,28,41,21,14,2,14.86,1.08,2017-05-23 01:00
新竹市,新竹,39,,良好,2.2,0.4,28,45,29,13,2,14.37,1.26,2017-05-23 02:00
新竹市,新竹,42,,良好,2.3,0.37,20,49,28,18,2,19.59,1.45,2017-05-23 03:00
新竹市,新竹,43,,良好,2.2,0.23,28,46,20,7.9,2,8.57,.63,2017-05-23 04:00
新竹市,新竹,43,,良好,2.6,0.31,18,41,19,13,2,12.95,.35,2017-05-23 05:00
新竹市,新竹,42,,良好,2.5,0.29,19,43,24,12,2,13.19,.84,2017-05-23 06:00
新竹市,新竹,42,,良好,2.8,0.41,12,48,25,19,2,23.95,4.59,2017-05-23 07:00
新竹市,新竹,42,,良好,2.8,0.37,25,43,21,15,2,17.19,1.74,2017-05-23 08:00
新竹市,新竹,41,,良好,2.7,0.35,31,33,16,12,2,14.28,2.04,2017-05-23 09:00
新竹市,新竹,48,,良好,2.1,0.33,38,81,18,8.8,2,10.47,1.71,2017-05-23 10:00
新竹市,新竹,52,懸浮微粒,普通,1.8,0.26,41,87,18,6.4,2,7.47,1.07,2017-05-23 11:00
新竹市,新竹,53,懸浮微粒,普通,1.7,0.24,42,43,16,5.5,2,6.54,1,2017-05-23 12:00
新竹市,新竹,53,懸浮微粒,普通,1.7,0.24,42,40,12,5.2,2,6.11,.93,2017-05-23 13:00
新竹市,新竹,50,,良好,1.5,0.22,39,34,14,5.2,2,6.25,1.03,2017-05-23 14:00
新竹市,新竹,43,,良好,1.6,0.26,35,34,16,9,2,10.72,1.76,2017-05-23 15:00
新竹市,新竹,41,,良好,1.4,0.26,31,33,11,6.8,2,8.22,1.46,2017-05-23 16:00
新竹市,新竹,43,,良好,1.5,0.31,28,52,9,8.3,2,9.81,1.55,2017-05-23 17:00
新竹市,新竹,45,,良好,1.3,0.32,29,49,8,8.6,2,9.9,1.31,2017-05-23 18:00
新竹市,新竹,44,,良好,1.5,0.37,27,30,8,9.5,1,9.86,.32,2017-05-23 19:00
新竹市,新竹,43,,良好,1.6,0.37,24,29,11,11,1,11.47,.62,2017-05-23 20:00
新竹市,新竹,39,,良好,1.7,0.38,23,22,11,9.5,1,9.86,.38,2017-05-23 21:00
新竹市,新竹,32,,良好,1.9,0.42,15,18,10,13,1,13.48,.89,2017-05-23 22:00
新竹市,新竹,28,,良好,1.7,0.42,7.5,20,11,19,1,20.18,1.58,2017-05-23 23:00
新竹市,新竹,27,,良好,2.1,0.37,5.6,25,11,17,1,18.72,1.31,2017-05-24 00:00
新竹市,新竹,26,,良好,2.4,0.41,1.7,24,9,20,1,22.09,1.73,2017-05-24 01:00
新竹市,新竹,27,,良好,2.8,0.37,0.9,24,9,20,1,22.27,2.22,2017-05-24 02:00
新竹市,新竹,27,,良好,2.3,0.32,6.2,25,11,16,1,17.7,1.32,2017-05-24 03:00
新竹市,新竹,26,,良好,2.3,0.29,5.3,23,10,17,1,17.73,1.06,2017-05-24 04:00
新竹市,新竹,24,,良好,2.1,0.22,11,20,10,13,1,13.54,.74,2017-05-24 05:00
新竹市,新竹,22,,良好,1.8,0.22,15,17,8,9.6,1,10.3,.74,2017-05-24 06:00
新竹市,新竹,21,,良好,1.4,0.26,17,17,8,8.7,1,10.27,1.53,2017-05-24 07:00
新竹市,新竹,21,,良好,1.5,0.4,17,25,8,10,1,13.11,2.76,2017-05-24 08:00
新竹市,新竹,23,,良好,1.2,0.36,20,32,8,10,1,13.81,3.71,2017-05-24 09:00
新竹市,新竹,26,,良好,1.1,0.33,20,35,12,16,1,20.4,4.62,2017-05-24 10:00
新竹市,新竹,28,,良好,1.1,0.43,20,34,17,13,1,17.42,4.45,2017-05-24 11:00
新竹市,新竹,28,,良好,1.2,0.32,26,26,14,11,2,14.58,3.54,2017-05-24 12:00
新竹市,新竹,26,,良好,1,0.29,28,17,8,11,2,13.71,3.13,2017-05-24 13:00
新竹市,新竹,24,,良好,1,0.26,28,19,6,10,1,13.5,3.31,2017-05-24 14:00
新竹市,新竹,23,,良好,1,0.26,28,20,7,12,1,15.1,3.01,2017-05-24 15:00
新竹市,新竹,28,,良好,1,0.26,34,24,8,10,1,12.96,2.65,2017-05-24 16:00
新竹市,新竹,22,,良好,1,0.34,22,21,3,9.1,1,11.11,2.01,2017-05-24 17:00
新竹市,新竹,22,,良好,1,0.37,26,10,1,10,1,11.53,1.2,2017-05-24 18:00
新竹市,新竹,22,,良好,1,0.37,26,10,1,10,1,11.53,1.2,2017-05-24 18:00
新竹市,新竹,32,,良好,1.4,0.3,38,5,6,12,1,12.86,.74,2017-05-24 20:00
新竹市,新竹,32,,良好,1.4,0.3,38,5,6,12,1,12.86,.74,2017-05-24 20:00
新竹市,新竹,24,,良好,1.2,0.35,29,6,2,17,1,18.25,.87,2017-05-24 22:00
新竹市,新竹,28,,良好,1.3,0.28,34,4,1,14,1,14.36,.71,2017-05-24 23:00
新竹市,新竹,32,,良好,1.2,0.23,38,4,2,9.2,1,9.84,.61,2017-05-25 00:00
新竹市,新竹,32,,良好,1.2,0.23,38,4,2,9.2,1,9.84,.61,2017-05-25 00:00
新竹市,新竹,27,,良好,2.2,0.23,33,19,8,12,1,11.98,.23,2017-05-25 02:00
新竹市,新竹,26,,良好,2.1,0.23,31,24,7,11,1,11.76,.42,2017-05-25 03:00
新竹市,新竹,25,,良好,1.9,0.22,30,24,5,9.9,1,10.73,.88,2017-05-25 04:00
新竹市,新竹,22,,良好,2.3,0.23,26,19,5,11,1,11.86,.77,2017-05-25 05:00
新竹市,新竹,19,,良好,2.2,0.26,23,15,7,13,1,13.49,.87,2017-05-25 06:00
新竹市,新竹,22,,良好,2.1,0.29,27,16,10,14,1,14.77,1.21,2017-05-25 07:00
新竹市,新竹,23,,良好,1.9,0.41,28,21,12,15,1,17.02,1.67,2017-05-25 08:00
新竹市,新竹,23,,良好,2.1,0.45,28,23,8,16,1,18.55,2.23,2017-05-25 09:00
新竹市,新竹,25,,良好,2.1,0.38,30,17,3,15,1,17.96,2.91,2017-05-25 10:00
新竹市,新竹,25,,良好,2.1,0.38,30,17,3,15,1,17.96,2.91,2017-05-25 10:00
新竹市,新竹,28,,良好,2.4,0.52,34,30,13,16,1,20.82,4.38,2017-05-25 12:00
新竹市,新竹,32,,良好,2.2,0.4,39,27,10,16,1,19.42,3.13,2017-05-25 13:00
新竹市,新竹,32,,良好,2.2,0.4,39,27,10,16,1,19.42,3.13,2017-05-25 13:00
新竹市,新竹,28,,良好,1.9,0.41,34,41,11,17,1,18.77,2.06,2017-05-25 15:00
新竹市,新竹,28,,良好,1.9,0.41,34,41,11,17,1,18.77,2.06,2017-05-25 15:00
新竹市,新竹,37,,良好,2.6,0.5,31,49,20,25,2,27.75,2.72,2017-05-25 17:00
新竹市,新竹,38,,良好,2.1,0.5,33,43,18,22,2,23.44,1.47,2017-05-25 18:00
新竹市,新竹,38,,良好,2,0.5,34,36,19,22,2,22.83,1.17,2017-05-25 19:00
新竹市,新竹,37,,良好,1.5,0.42,37,33,18,17,2,17.84,1.02,2017-05-25 20:00
新竹市,新竹,37,,良好,1.2,0.4,44,27,12,12,2,12.36,.83,2017-05-25 21:00
新竹市,新竹,32,,良好,1.2,0.42,38,22,8,14,2,14.78,.96,2017-05-25 22:00
新竹市,新竹,31,,良好,1.4,0.36,37,23,8,14,2,15.22,.87,2017-05-25 23:00
新竹市,新竹,35,,良好,1.6,0.32,42,20,8,11,1,11.6,.65,2017-05-26 00:00
新竹市,新竹,28,,良好,2.9,0.33,33,25,13,18,2,18.53,.79,2017-05-26 01:00
新竹市,新竹,30,,良好,3.2,0.27,36,30,16,16,2,16.77,1.01,2017-05-26 02:00
新竹市,新竹,36,,良好,3.1,0.22,44,24,12,12,2,13.19,.99,2017-05-26 03:00
新竹市,新竹,36,,良好,3.1,0.22,44,24,12,12,2,13.19,.99,2017-05-26 03:00
新竹市,新竹,37,,良好,3.6,0.24,44,28,9,12,2,12.71,1.15,2017-05-26 05:00
新竹市,新竹,41,,良好,3.1,0.22,50,29,8,11,1,12.42,1.16,2017-05-26 06:00
新竹市,新竹,38,,良好,2.7,0.25,46,32,8,13,1,14.08,1.43,2017-05-26 07:00
新竹市,新竹,34,,良好,3.1,0.4,41,36,12,20,1,21.41,1.88,2017-05-26 08:00
新竹市,新竹,32,,良好,3.6,0.47,38,45,18,25,1,28.07,2.89,2017-05-26 09:00
新竹市,新竹,49,,良好,2.5,0.51,39,133,24,23,2,26.76,3.42,2017-05-26 10:00
新竹市,新竹,62,懸浮微粒,普通,2.4,0.49,44,172,25,22,2,25.41,3.42,2017-05-26 11:00
新竹市,新竹,67,懸浮微粒,普通,2.4,0.41,49,99,20,19,2,22.37,3.33,2017-05-26 12:00
新竹市,新竹,68,懸浮微粒,普通,2.4,0.32,52,52,15,15,2,17.54,2.53,2017-05-26 13:00
新竹市,新竹,63,懸浮微粒,普通,2.5,0.29,45,45,8,17,2,19.57,2.52,2017-05-26 14:00
新竹市,新竹,60,懸浮微粒,普通,2.5,0.32,45,93,16,17,2,19.81,3.2,2017-05-26 15:00
新竹市,新竹,60,懸浮微粒,普通,3.9,0.36,41,88,20,20,2,23.1,3.16,2017-05-26 16:00
新竹市,新竹,60,懸浮微粒,普通,2,0.34,37,49,16,18,2,21.12,2.82,2017-05-26 17:00
新竹市,新竹,62,懸浮微粒,普通,1.3,0.33,37,52,15,15,2,17.14,1.93,2017-05-26 18:00
新竹市,新竹,58,懸浮微粒,普通,1.4,0.35,36,34,10,14,2,15.74,1.31,2017-05-26 19:00
新竹市,新竹,53,懸浮微粒,普通,1.5,0.38,30,21,7,18,2,19.12,1.47,2017-05-26 20:00
新竹市,新竹,53,懸浮微粒,普通,1.5,0.38,30,21,7,18,2,19.12,1.47,2017-05-26 20:00
新竹市,新竹,45,,良好,1,0.31,35,26,4,13,1,14.28,1.54,2017-05-26 22:00
新竹市,新竹,37,,良好,0.7,0.28,34,21,2,12,1,13.54,1.09,2017-05-26 23:00
新竹市,新竹,34,,良好,1,0.25,32,19,7,12,1,13.09,1.08,2017-05-27 00:00
新竹市,新竹,34,,良好,1,0.25,32,19,7,12,1,13.09,1.08,2017-05-27 00:00
新竹市,新竹,31,,良好,1.6,0.21,29,28,11,12,1,13.62,1.17,2017-05-27 02:00
新竹市,新竹,29,,良好,1.3,0.2,32,27,7,9.7,1,10.84,1.14,2017-05-27 03:00
新竹市,新竹,27,,良好,1.1,0.21,30,23,3,7.2,1,8.63,1.42,2017-05-27 04:00
新竹市,新竹,26,,良好,0.9,0.17,29,19,2,7.7,1,9.38,1.68,2017-05-27 05:00
新竹市,新竹,24,,良好,0.9,0.18,28,16,3,7.8,1,9.4,1.59,2017-05-27 06:00
新竹市,新竹,25,,良好,1.1,0.23,30,15,3,11,1,12.8,2,2017-05-27 07:00
新竹市,新竹,25,,良好,1,0.26,30,21,4,12,1,14.45,2.72,2017-05-27 08:00
新竹市,新竹,24,,良好,1.4,0.33,28,21,5,15,1,18.29,3.56,2017-05-27 09:00
新竹市,新竹,24,,良好,1.6,0.36,29,18,7,17,1,21.27,4.15,2017-05-27 10:00
新竹市,新竹,24,,良好,1.8,0.37,29,26,10,19,1,22.82,4.26,2017-05-27 11:00
新竹市,新竹,28,,良好,1.7,0.33,34,37,13,16,1,19.61,3.55,2017-05-27 12:00
新竹市,新竹,28,,良好,1.3,0.3,33,30,9,14,1,17.31,2.88,2017-05-27 13:00
新竹市,新竹,33,,良好,1.7,0.29,40,18,5,14,1,17.11,2.91,2017-05-27 14:00
新竹市,新竹,42,,良好,1.7,0.31,51,21,8,13,1,15.86,3.13,2017-05-27 15:00
新竹市,新竹,40,,良好,1.5,0.42,48,25,8,12,1,14.95,2.57,2017-05-27 16:00
新竹市,新竹,36,,良好,1.2,0.34,43,19,6,13,1,15.39,2.11,2017-05-27 17:00
新竹市,新竹,35,,良好,1.9,0.34,42,17,4,17,1,18.86,2.23,2017-05-27 18:00
新竹市,新竹,37,,良好,1.4,0.35,45,17,3,15,1,16.84,1.74,2017-05-27 19:00
新竹市,新竹,37,,良好,1.4,0.35,45,17,3,15,1,16.84,1.74,2017-05-27 19:00
新竹市,新竹,34,,良好,1.4,0.38,41,25,14,16,1,18.19,1.77,2017-05-27 21:00
新竹市,新竹,35,,良好,1.2,0.37,42,16,11,16,1,17.48,1.56,2017-05-27 22:00
新竹市,新竹,32,,良好,1.1,0.38,38,20,8,16,1,17.42,1.52,2017-05-27 23:00
新竹市,新竹,26,,良好,1,0.4,32,21,7,16,1,17.64,1.65,2017-05-28 00:00
新竹市,新竹,32,,良好,1.4,0.35,38,25,9,11,1,13.06,1.61,2017-05-28 01:00
新竹市,新竹,32,,良好,1.6,0.32,38,26,10,9.2,1,10.93,1.69,2017-05-28 02:00
新竹市,新竹,25,,良好,1.9,0.33,30,27,8,13,1,15.27,1.81,2017-05-28 03:00
新竹市,新竹,25,,良好,1.9,0.33,30,27,8,13,1,15.27,1.81,2017-05-28 03:00
新竹市,新竹,26,,良好,1.5,0.35,32,26,12,9.3,1,9.8,.49,2017-05-28 05:00
新竹市,新竹,27,,良好,1.7,0.32,32,20,9,9.7,1,10.53,.89,2017-05-28 06:00
新竹市,新竹,27,,良好,1.7,0.32,32,20,9,9.7,1,10.53,.89,2017-05-28 06:00
新竹市,新竹,30,,良好,2,0.34,37,20,6,11,1,13.02,1.77,2017-05-28 08:00
新竹市,新竹,34,,良好,2.4,0.36,41,14,8,14,1,16.14,2.57,2017-05-28 09:00
新竹市,新竹,44,,良好,3,0.37,53,20,10,16,1,19.55,3.73,2017-05-28 10:00
新竹市,新竹,52,臭氧,普通,2.9,0.34,62,19,11,10,1,12.18,1.71,2017-05-28 11:00
新竹市,新竹,55,臭氧,普通,2.2,0.31,66,13,8,8.9,1,10.23,1.36,2017-05-28 12:00
新竹市,新竹,56,臭氧,普通,2.3,0.31,67,14,4,8.9,1,10.23,1.36,2017-05-28 13:00
新竹市,新竹,54,臭氧,普通,2.5,0.29,64,13,6,8.1,1,9.24,1.15,2017-05-28 14:00
新竹市,新竹,51,臭氧,普通,2.4,0.29,61,14,6,8.4,1,9.51,1.16,2017-05-28 15:00
新竹市,新竹,48,,良好,2.5,0.31,58,16,3,8.6,1,9.88,1.28,2017-05-28 16:00
新竹市,新竹,40,,良好,2.4,0.34,48,19,1,11,1,12.39,1.08,2017-05-28 17:00
新竹市,新竹,35,,良好,2.5,0.31,42,21,2,11,1,12.41,1.22,2017-05-28 18:00
新竹市,新竹,31,,良好,2.3,0.36,37,19,4,13,1,14.23,.8,2017-05-28 19:00
新竹市,新竹,28,,良好,2.1,0.4,34,22,4,16,1,16.38,.76,2017-05-28 20:00
新竹市,新竹,25,,良好,3,0.38,30,20,6,18,1,18.57,.85,2017-05-28 21:00
新竹市,新竹,28,,良好,2.5,0.33,33,17,4,14,1,14.55,.63,2017-05-28 22:00
新竹市,新竹,25,,良好,2.4,0.34,30,15,3,14,1,14.93,.61,2017-05-28 23:00
新竹市,新竹,26,,良好,1.7,0.29,31,12,2,12,1,12.67,.64,2017-05-29 00:00
新竹市,新竹,24,,良好,1.2,0.29,28,13,1,12,1,12.99,.66,2017-05-29 01:00
新竹市,新竹,24,,良好,1.2,0.29,28,13,1,12,1,12.99,.66,2017-05-29 01:00
新竹市,新竹,24,,良好,1.2,0.29,28,13,1,12,1,12.99,.66,2017-05-29 01:00
新竹市,新竹,24,,良好,1.2,0.29,28,13,1,12,1,12.99,.66,2017-05-29 01:00
新竹市,新竹,24,,良好,1.2,0.29,28,13,1,12,1,12.99,.66,2017-05-29 01:00
新竹市,新竹,24,,良好,1.2,0.29,28,13,1,12,1,12.99,.66,2017-05-29 01:00
新竹市,新竹,24,,良好,1.2,0.29,28,13,1,12,1,12.99,.66,2017-05-29 01:00
新竹市,新竹,21,,良好,1.2,0.28,25,12,2,9.1,1,10.95,1.9,2017-05-29 08:00
新竹市,新竹,25,,良好,1.8,0.31,30,18,2,9.3,1,11.97,2.68,2017-05-29 09:00
新竹市,新竹,41,,良好,2.1,0.32,49,18,5,9.5,1,11.92,2.39,2017-05-29 10:00
新竹市,新竹,50,,良好,1.9,0.32,61,24,8,9.2,1,10.55,1.36,2017-05-29 11:00
新竹市,新竹,52,臭氧,普通,1.8,0.28,62,24,4,7.1,1,8.08,1.03,2017-05-29 12:00
新竹市,新竹,52,臭氧,普通,1.8,0.28,62,24,4,7.1,1,8.08,1.03,2017-05-29 12:00
新竹市,新竹,49,,良好,1.8,0.24,59,16,8,6.8,1,7.97,1.17,2017-05-29 14:00
新竹市,新竹,49,,良好,1.8,0.24,59,16,8,6.8,1,7.97,1.17,2017-05-29 14:00
新竹市,新竹,38,,良好,1.7,0.25,46,16,8,11,1,12.91,1.78,2017-05-29 16:00
新竹市,新竹,38,,良好,1.5,0.27,45,21,10,8.6,1,10.12,1.51,2017-05-29 17:00
新竹市,新竹,34,,良好,1.6,0.27,40,19,10,9,1,10.08,1.1,2017-05-29 18:00
新竹市,新竹,34,,良好,1.6,0.27,40,19,10,9,1,10.08,1.1,2017-05-29 18:00
新竹市,新竹,20,,良好,1.6,0.3,24,18,5,13,1,14.22,.95,2017-05-29 20:00
新竹市,新竹,20,,良好,1.6,0.31,20,23,2,15,1,15.24,.74,2017-05-29 21:00
新竹市,新竹,21,,良好,1.7,0.35,17,26,1,16,1,16.5,.75,2017-05-29 22:00
新竹市,新竹,21,,良好,1.7,0.35,17,26,1,16,1,16.5,.75,2017-05-29 22:00
新竹市,新竹,21,,良好,1.5,0.41,10,20,3,17,1,17.53,.69,2017-05-30 00:00
新竹市,新竹,21,,良好,1.7,0.43,6,25,5,20,1,20.52,.88,2017-05-30 01:00
新竹市,新竹,22,,良好,2.7,0.36,7.7,30,7,19,1,19.83,1.06,2017-05-30 02:00
新竹市,新竹,22,,良好,2.7,0.36,7.7,30,7,19,1,19.83,1.06,2017-05-30 02:00
新竹市,新竹,27,,良好,2.8,0.3,13,35,12,16,1,16.94,.54,2017-05-30 04:00
新竹市,新竹,29,,良好,3.2,0.32,25,34,14,11,1,11.45,.73,2017-05-30 05:00
新竹市,新竹,31,,良好,2.8,0.34,19,38,17,11,1,11.27,.68,2017-05-30 06:00
新竹市,新竹,33,,良好,2.9,0.34,17,41,18,12,2,12.7,.93,2017-05-30 07:00
新竹市,新竹,35,,良好,3.1,0.38,22,43,17,12,2,13.98,1.82,2017-05-30 08:00
新竹市,新竹,36,,良好,2.6,0.4,25,38,16,15,2,17.93,3.09,2017-05-30 09:00
新竹市,新竹,35,,良好,2.3,0.3,34,30,16,9.1,2,12.05,2.92,2017-05-30 10:00
新竹市,新竹,35,,良好,2.3,0.3,43,35,15,9,2,10.81,1.8,2017-05-30 11:00
新竹市,新竹,36,,良好,2.5,0.3,42,44,16,15,2,17.36,2.41,2017-05-30 12:00
新竹市,新竹,40,,良好,2.5,0.36,44,55,16,12,2,14.12,1.65,2017-05-30 13:00
新竹市,新竹,40,,良好,2.5,0.36,44,55,16,12,2,14.12,1.65,2017-05-30 13:00
新竹市,新竹,58,懸浮微粒,普通,2,0.28,51,110,18,7.9,2,9.05,1.18,2017-05-30 15:00
新竹市,新竹,58,懸浮微粒,普通,2,0.24,44,42,12,9.9,2,11.48,1.59,2017-05-30 16:00
新竹市,新竹,58,懸浮微粒,普通,2,0.24,44,42,12,9.9,2,11.48,1.59,2017-05-30 16:00
新竹市,新竹,52,懸浮微粒,普通,2,0.32,41,38,12,12,2,12.99,.94,2017-05-30 18:00
新竹市,新竹,46,,良好,2,0.34,40,41,15,8.6,2,9.39,.76,2017-05-30 19:00
新竹市,新竹,45,,良好,2.1,0.4,29,37,17,14,2,15.26,.86,2017-05-30 20:00
新竹市,新竹,43,,良好,2.2,0.37,22,26,13,13,2,13.34,.66,2017-05-30 21:00
新竹市,新竹,40,,良好,2.2,0.49,12,19,8,18,2,18.69,1.16,2017-05-30 22:00
新竹市,新竹,37,,良好,2.2,0.42,11,19,8,14,2,15.29,1.23,2017-05-30 23:00
新竹市,新竹,33,,良好,2.1,0.3,8.8,16,7,13,1,14,1.42,2017-05-31 00:00
新竹市,新竹,31,,良好,2.2,0.3,11,20,10,12,1,13.22,.94,2017-05-31 01:00
新竹市,新竹,28,,良好,1.6,0.26,7.8,26,11,11,1,12.2,.87,2017-05-31 02:00
新竹市,新竹,25,,良好,1.5,0.25,5.7,26,8,10,1,10.99,.95,2017-05-31 03:00
新竹市,新竹,26,,良好,1.6,0.24,12,23,8,8.8,1,9.49,.66,2017-05-31 04:00
新竹市,新竹,26,,良好,1.6,0.24,12,23,8,8.8,1,9.49,.66,2017-05-31 04:00
新竹市,新竹,24,,良好,1.9,0.23,15,24,9,8.9,1,9.56,.69,2017-05-31 06:00
新竹市,新竹,24,,良好,3.2,0.26,13,25,13,12,1,14.1,1.75,2017-05-31 07:00
新竹市,新竹,24,,良好,3.2,0.26,13,25,13,12,1,14.1,1.75,2017-05-31 07:00
新竹市,新竹,25,,良好,2.4,0.35,26,32,18,9.4,2,10.89,1.48,2017-05-31 09:00
新竹市,新竹,27,,良好,2.7,0.34,27,34,21,12,2,14.78,2.82,2017-05-31 10:00
新竹市,新竹,28,,良好,2.1,0.32,31,30,18,12,2,15.84,3.89,2017-05-31 11:00
新竹市,新竹,31,,良好,1.5,0.35,38,28,16,7.7,2,10.26,2.58,2017-05-31 12:00
新竹市,新竹,31,,良好,1.5,0.36,37,32,16,13,2,16.14,2.87,2017-05-31 13:00
新竹市,新竹,31,,良好,1.5,0.36,37,32,16,13,2,16.14,2.87,2017-05-31 13:00
新竹市,新竹,40,,良好,1.4,0.34,48,35,16,7.7,2,9.16,1.46,2017-05-31 15:00
新竹市,新竹,37,,良好,1.3,0.37,44,35,12,12,2,13.41,1.84,2017-05-31 16:00
新竹市,新竹,35,,良好,1.4,0.32,42,30,10,16,2,18.23,1.9,2017-05-31 17:00
新竹市,新竹,35,,良好,1.4,0.32,42,30,10,16,2,18.23,1.9,2017-05-31 17:00
新竹市,新竹,30,,良好,1.5,0.46,33,24,9,12,2,12.83,.86,2017-05-31 19:00
新竹市,新竹,28,,良好,1.6,0.39,27,23,9,16,2,16.71,1.09,2017-05-31 20:00
新竹市,新竹,27,,良好,1.6,0.44,25,25,8,11,1,11.72,.77,2017-05-31 21:00
新竹市,新竹,27,,良好,1.6,0.44,25,25,8,11,1,11.72,.77,2017-05-31 21:00
新竹市,新竹,27,,良好,2.1,0.47,17,25,8,16,1,17.17,1.22,2017-05-31 22:00
新竹市,新竹,24,,良好,2.4,0.36,11,16,8,16,1,16.64,.97,2017-06-01 00:00
新竹市,新竹,22,,良好,2,0.33,11,13,9,14,1,15.12,.86,2017-06-01 01:00
新竹市,新竹,20,,良好,1.6,0.27,12,14,7,11,1,11.58,.83,2017-06-01 02:00
新竹市,新竹,18,,良好,1.5,0.22,13,15,1,8.1,1,9.01,.88,2017-06-01 03:00
新竹市,新竹,17,,良好,1.2,0.2,13,15,1,6.8,1,7.95,1.11,2017-06-01 04:00
新竹市,新竹,17,,良好,1.2,0.2,13,15,1,6.8,1,7.95,1.11,2017-06-01 04:00
新竹市,新竹,14,,良好,1.5,0.2,11,9,2,7.4,1,8.74,1.35,2017-06-01 06:00
新竹市,新竹,14,,良好,1.5,0.2,11,9,2,7.4,1,8.74,1.35,2017-06-01 06:00
新竹市,新竹,14,,良好,1.7,0.23,13,13,3,7.7,1,10.27,2.61,2017-06-01 07:00
新竹市,新竹,16,,良好,1.3,0.29,19,16,1,6.1,1,9.3,3.16,2017-06-01 09:00
新竹市,新竹,18,,良好,1.2,0.28,22,31,2,5.5,1,8.51,3.06,2017-06-01 10:00
新竹市,新竹,18,,良好,1.2,0.28,22,31,2,5.5,1,8.51,3.06,2017-06-01 10:00
新竹市,新竹,24,,良好,1.1,0.34,29,33,6,7.4,1,10.27,2.86,2017-06-01 12:00
新竹市,新竹,26,,良好,1,0.29,28,27,3,5.8,1,8.56,2.81,2017-06-01 13:00
新竹市,新竹,26,,良好,1,0.28,27,28,3,6.8,1,9.43,2.59,2017-06-01 14:00
新竹市,新竹,26,,良好,1,0.28,27,28,3,6.8,1,9.43,2.59,2017-06-01 14:00
新竹市,新竹,25,,良好,1,0.32,22,26,2,8.6,1,12.81,4.23,2017-06-01 16:00
新竹市,新竹,25,,良好,0.9,0.29,18,21,2,8.2,1,13.41,5.25,2017-06-01 17:00
新竹市,新竹,24,,良好,1,0.35,15,18,1,8.9,1,13.89,4.99,2017-06-01 18:00
新竹市,新竹,22,,良好,1,0.4,11,16,4,10,1,14.09,4.09,2017-06-01 19:00
新竹市,新竹,21,,良好,0.9,0.38,10,14,4,11,1,14,3.34,2017-06-01 20:00
新竹市,新竹,20,,良好,1,0.37,11,15,3,9.4,1,12.22,2.77,2017-06-01 21:00
新竹市,新竹,21,,良好,0.9,0.34,12,23,7,8.7,1,11.46,2.8,2017-06-01 22:00
新竹市,新竹,21,,良好,0.9,0.34,12,23,7,8.7,1,11.46,2.8,2017-06-01 22:00
新竹市,新竹,20,,良好,1.3,0.18,16,14,3,5.3,1,6.7,1.4,2017-06-02 00:00
新竹市,新竹,19,,良好,1.6,0.16,15,14,7,5,1,6.47,1.47,2017-06-02 01:00
新竹市,新竹,19,,良好,1.2,0.16,23,13,6,4.6,1,5.89,1.35,2017-06-02 02:00
新竹市,新竹,15,,良好,1.1,0.15,12,13,6,5,1,6.26,1.25,2017-06-02 03:00
新竹市,新竹,15,,良好,1.1,0.15,12,13,6,5,1,6.26,1.25,2017-06-02 03:00
新竹市,新竹,18,,良好,1.1,0.13,22,16,6,4.6,1,5.64,1.03,2017-06-02 05:00
新竹市,新竹,26,,良好,1,0.13,31,23,2,4.6,1,5.64,1.02,2017-06-02 06:00
新竹市,新竹,18,,良好,1.1,0.17,,22,2,5.3,1,7.08,1.74,2017-06-02 07:00
新竹市,新竹,19,,良好,1.1,0.27,18,23,7,6.6,1,10.14,3.5,2017-06-02 08:00
新竹市,新竹,22,,良好,1,0.27,27,27,7,6.5,1,10.7,4.16,2017-06-02 09:00
新竹市,新竹,24,,良好,1,0.24,29,27,8,7.2,1,11.24,4.01,2017-06-02 10:00
新竹市,新竹,22,,良好,1,0.18,,21,8,2.9,1,5.44,2.56,2017-06-02 11:00
新竹市,新竹,22,,良好,1,0.18,,21,8,2.9,1,5.44,2.56,2017-06-02 11:00
新竹市,新竹,22,,良好,1,0.18,,21,8,2.9,1,5.44,2.56,2017-06-02 11:00
新竹市,新竹,34,,良好,1.2,0.28,40,5,3,8.1,1,9.15,1.05,2017-06-02 14:00
新竹市,新竹,42,,良好,0.9,0.27,50,8,1,6.5,1,7.76,1.23,2017-06-02 15:00
新竹市,新竹,32,,良好,0.9,0.38,38,13,1,15,1,15.83,1.18,2017-06-02 16:00
新竹市,新竹,30,,良好,0.9,0.44,36,10,1,15,1,16.85,1.41,2017-06-02 17:00
新竹市,新竹,26,,良好,1,0.55,31,14,1,19,1,20.5,1.19,2017-06-02 18:00
新竹市,新竹,19,,良好,1,0.63,23,18,4,26,1,27.28,1.68,2017-06-02 19:00
新竹市,新竹,18,,良好,0.9,0.65,22,15,6,24,1,25.74,1.4,2017-06-02 20:00
新竹市,新竹,15,,良好,1.3,0.49,18,20,9,26,1,27.39,1.88,2017-06-02 22:00
新竹市,新竹,25,,良好,1.3,0.32,30,16,7,14,1,14.96,1.11,2017-06-02 23:00
新竹市,新竹,25,,良好,1.3,0.26,30,11,3,14,1,14.63,.96,2017-06-03 00:00
新竹市,新竹,20,,良好,0.6,0.29,24,14,1,16,1,16.59,1.05,2017-06-03 01:00
新竹市,新竹,20,,良好,2.3,0.23,24,13,1,8.8,1,9.72,.96,2017-06-03 03:00
新竹市,新竹,15,,良好,2.5,0.25,18,15,7,14,1,14.02,.48,2017-06-03 04:00
新竹市,新竹,15,,良好,2.5,0.33,16,18,10,13,1,13.36,.34,2017-06-03 05:00
新竹市,新竹,16,,良好,2.6,0.34,16,18,8,14,1,14.83,.85,2017-06-03 06:00
新竹市,新竹,16,,良好,2.4,0.48,7.4,15,8,19,1,21.64,3.03,2017-06-03 07:00
新竹市,新竹,16,,良好,2.6,0.57,9,16,6,18,1,25.4,7.24,2017-06-03 08:00
新竹市,新竹,17,,良好,2.4,0.44,15,20,5,16,1,19.49,3.86,2017-06-03 09:00
新竹市,新竹,17,,良好,2.7,0.73,12,20,5,27,1,32.75,6.22,2017-06-03 10:00
新竹市,新竹,21,,良好,2.5,0.54,26,21,4,18,1,22.54,4.33,2017-06-03 11:00
新竹市,新竹,19,,良好,2.8,0.49,21,22,5,19,1,23.33,4.67,2017-06-03 12:00
新竹市,新竹,22,,良好,2.5,0.46,27,21,7,14,1,15.93,1.5,2017-06-03 13:00
新竹市,新竹,19,,良好,2.6,0.61,15,17,7,30,1,32.92,3.39,2017-06-03 14:00
新竹市,新竹,18,,良好,2.3,0.56,20,12,6,25,1,28.5,3.78,2017-06-03 15:00
新竹市,新竹,17,,良好,2.2,0.53,20,7,2,23,1,25.18,2.65,2017-06-03 16:00
新竹市,新竹,26,,良好,2.1,0.52,32,10,7,12,1,12.79,.63,2017-06-03 19:00
新竹市,新竹,20,,良好,2.2,0.53,24,12,8,18,1,19.02,.88,2017-06-03 20:00
新竹市,新竹,14,,良好,2.3,0.5,17,14,7,21,1,22.9,1.48,2017-06-03 21:00
新竹市,新竹,14,,良好,2.2,0.53,17,12,3,20,1,21.62,1.42,2017-06-03 22:00
新竹市,新竹,12,,良好,2.1,0.68,11,9,1,23,1,24.95,1.9,2017-06-03 23:00
新竹市,新竹,15,,良好,2.8,0.36,18,13,3,11,1,12.17,.79,2017-06-04 01:00
新竹市,新竹,23,,良好,0.9,0.29,28,17,4,7.3,1,7.63,.37,2017-06-04 02:00
新竹市,新竹,22,,良好,0.8,0.28,26,21,2,7.5,1,7.9,.45,2017-06-04 03:00
新竹市,新竹,22,,良好,0.9,0.25,26,14,1,6.9,1,8.05,1.11,2017-06-04 04:00
新竹市,新竹,24,,良好,1,0.2,28,13,3,5.6,1,6.12,.49,2017-06-04 05:00
新竹市,新竹,24,,良好,0.8,0.21,29,20,6,5,1,5.53,.53,2017-06-04 06:00
新竹市,新竹,24,,良好,0.9,0.24,29,19,7,6,1,6.92,.94,2017-06-04 07:00
新竹市,新竹,24,,良好,1.1,0.27,29,14,4,6.7,1,7.68,.98,2017-06-04 08:00
新竹市,新竹,22,,良好,1.5,0.32,27,13,4,12,1,13.43,1.82,2017-06-04 09:00
新竹市,新竹,30,,良好,1.5,0.3,35,20,7,5.3,1,6.87,1.54,2017-06-04 10:00
新竹市,新竹,30,,良好,1.5,0.3,35,20,7,5.3,1,6.87,1.54,2017-06-04 10:00
新竹市,新竹,36,,良好,1.4,0.34,43,19,8,6.3,1,7.58,1.27,2017-06-04 12:00
新竹市,新竹,37,,良好,1.2,0.37,45,16,5,6.7,1,7.89,1.2,2017-06-04 13:00
新竹市,新竹,35,,良好,1.7,0.39,42,17,2,9.5,1,11.02,1.55,2017-06-04 14:00
新竹市,新竹,35,,良好,1.7,0.39,42,17,2,9.5,1,11.02,1.55,2017-06-04 14:00
新竹市,新竹,18,,良好,0.7,0.35,20,19,9,13,1,14.71,1.63,2017-06-04 16:00
新竹市,新竹,24,,良好,0.8,0.31,29,10,1,15,1,16.64,1.73,2017-06-04 17:00
新竹市,新竹,36,,良好,0.7,0.3,44,10,1,10,1,11.36,1.27,2017-06-04 18:00
新竹市,新竹,31,,良好,0.8,0.44,38,10,6,14,1,14.43,.88,2017-06-04 19:00
新竹市,新竹,18,,良好,0.9,0.72,22,13,8,23,1,24.08,.97,2017-06-04 20:00
新竹市,新竹,17,,良好,1.8,0.7,21,21,11,21,1,22.17,1.13,2017-06-04 21:00
新竹市,新竹,20,,良好,1,0.49,25,21,16,15,1,15.72,.97,2017-06-04 22:00
新竹市,新竹,17,,良好,1,0.67,14,19,15,23,1,24.93,1.87,2017-06-04 23:00
新竹市,新竹,18,,良好,1.2,0.66,10,20,11,22,1,23.42,1.54,2017-06-05 00:00
新竹市,新竹,18,,良好,0.9,0.67,5.3,17,11,21,1,22.14,1.06,2017-06-05 01:00
新竹市,新竹,18,,良好,0.9,0.67,5.3,17,11,21,1,22.14,1.06,2017-06-05 01:00
新竹市,新竹,19,,良好,0.9,0.4,6.6,24,6,14,1,15.84,1.54,2017-06-05 03:00
新竹市,新竹,19,,良好,0.9,0.31,3.5,22,8,14,1,16.85,2.43,2017-06-05 04:00
新竹市,新竹,19,,良好,1,0.24,12,14,8,10,1,11.46,.96,2017-06-05 05:00
新竹市,新竹,18,,良好,1,0.34,7.7,21,6,12,1,17.45,5.34,2017-06-05 07:00
新竹市,新竹,18,,良好,1.7,0.43,13,19,9,13,1,18.96,5.93,2017-06-05 08:00
新竹市,新竹,23,,良好,1.5,0.38,27,17,8,8.8,1,12.14,3.32,2017-06-05 09:00
新竹市,新竹,34,,良好,1.9,0.38,40,26,15,7.4,1,8.84,1.44,2017-06-05 11:00
新竹市,新竹,34,,良好,1.6,0.33,40,27,16,7,1,8.75,1.76,2017-06-05 12:00
新竹市,新竹,37,,良好,1.6,0.34,44,23,18,6.6,2,8.15,1.6,2017-06-05 13:00
新竹市,新竹,42,,良好,1.6,0.31,50,23,19,6.2,2,7.51,1.35,2017-06-05 14:00
新竹市,新竹,43,,良好,1.3,0.26,52,23,15,5.7,2,6.88,1.23,2017-06-05 15:00
新竹市,新竹,36,,良好,1.2,0.25,44,24,13,8.4,2,9.7,1.28,2017-06-05 16:00
新竹市,新竹,39,,良好,1.2,0.27,47,30,13,9.8,2,11.44,1.65,2017-06-05 17:00
新竹市,新竹,37,,良好,1.6,0.38,45,37,18,15,2,16,1.28,2017-06-05 18:00
新竹市,新竹,35,,良好,1.3,0.44,42,44,24,16,2,17.62,1.35,2017-06-05 19:00
新竹市,新竹,34,,良好,1.8,0.42,37,49,23,13,2,14.05,1,2017-06-05 20:00
新竹市,新竹,38,,良好,2.1,0.55,18,50,24,25,2,26.12,1.03,2017-06-05 21:00
新竹市,新竹,42,,良好,1.5,0.64,14,53,27,27,2,28.28,1.56,2017-06-05 22:00
新竹市,新竹,44,,良好,1.4,0.89,8.1,53,27,28,2,29.62,1.41,2017-06-05 23:00
新竹市,新竹,45,,良好,1.6,0.77,0.5,53,26,30,2,35.54,5.15,2017-06-06 00:00
新竹市,新竹,45,,良好,1.6,0.77,0.5,53,26,30,2,35.54,5.15,2017-06-06 00:00
新竹市,新竹,45,,良好,1.6,0.77,0.5,53,26,30,2,35.54,5.15,2017-06-06 00:00
新竹市,新竹,45,,良好,1.6,0.77,0.5,53,26,30,2,35.54,5.15,2017-06-06 00:00
新竹市,新竹,45,,良好,1.6,0.77,0.5,53,26,30,2,35.54,5.15,2017-06-06 00:00
新竹市,新竹,45,,良好,1.6,0.77,0.5,53,26,30,2,35.54,5.15,2017-06-06 00:00
新竹市,新竹,45,,良好,1.6,0.77,0.5,53,26,30,2,35.54,5.15,2017-06-06 00:00
新竹市,新竹,49,,良好,3.2,0.51,2.3,48,26,17,3,28.06,11.42,2017-06-06 07:00
新竹市,新竹,52,懸浮微粒,普通,3.3,0.4,37,61,33,19,3,24.74,5.75,2017-06-06 10:00
新竹市,新竹,52,臭氧,普通,2.5,0.36,63,61,34,11,3,13.19,2.16,2017-06-06 11:00
新竹市,新竹,57,臭氧,普通,2.5,0.38,69,58,32,9.9,3,11.83,1.97,2017-06-06 12:00
新竹市,新竹,52,懸浮微粒,普通,2.2,0.32,60,54,33,7.4,3,9.22,1.81,2017-06-06 13:00
新竹市,新竹,52,懸浮微粒,普通,2.1,0.27,57,52,33,6.5,3,8.34,1.8,2017-06-06 14:00
新竹市,新竹,52,懸浮微粒,普通,2.1,0.25,46,48,28,5.5,3,7.23,1.69,2017-06-06 15:00
新竹市,新竹,52,臭氧,普通,2,0.3,62,50,24,8.4,3,10.64,2.22,2017-06-06 16:00
新竹市,新竹,52,臭氧,普通,2,0.3,62,50,24,8.4,3,10.64,2.22,2017-06-06 16:00
新竹市,新竹,52,臭氧,普通,2,0.3,62,50,24,8.4,3,10.64,2.22,2017-06-06 16:00
新竹市,新竹,52,臭氧,普通,2,0.3,62,50,24,8.4,3,10.64,2.22,2017-06-06 16:00
新竹市,新竹,52,臭氧,普通,2,0.3,62,50,24,8.4,3,10.64,2.22,2017-06-06 16:00
新竹市,新竹,52,臭氧,普通,2,0.3,62,50,24,8.4,3,10.64,2.22,2017-06-06 16:00
新竹市,新竹,52,臭氧,普通,2,0.3,62,50,24,8.4,3,10.64,2.22,2017-06-06 16:00
新竹市,新竹,52,臭氧,普通,2,0.3,62,50,24,8.4,3,10.64,2.22,2017-06-06 16:00
新竹市,新竹,52,臭氧,普通,2,0.3,62,50,24,8.4,3,10.64,2.22,2017-06-06 16:00
新竹市,新竹,52,臭氧,普通,2,0.3,62,50,24,8.4,3,10.64,2.22,2017-06-06 16:00
新竹市,新竹,52,臭氧,普通,2,0.3,62,50,24,8.4,3,10.64,2.22,2017-06-06 16:00
新竹市,新竹,52,臭氧,普通,2,0.3,62,50,24,8.4,3,10.64,2.22,2017-06-06 16:00
新竹市,新竹,52,臭氧,普通,2,0.3,62,50,24,8.4,3,10.64,2.22,2017-06-06 16:00
新竹市,新竹,52,臭氧,普通,2,0.3,62,50,24,8.4,3,10.64,2.22,2017-06-06 16:00
新竹市,新竹,52,臭氧,普通,2,0.3,62,50,24,8.4,3,10.64,2.22,2017-06-06 16:00
新竹市,新竹,52,臭氧,普通,2,0.3,62,50,24,8.4,3,10.64,2.22,2017-06-06 16:00
新竹市,新竹,52,臭氧,普通,2,0.3,62,50,24,8.4,3,10.64,2.22,2017-06-06 16:00
新竹市,新竹,27,,良好,1.3,0.26,25,25,14,9.6,2,13.51,3.96,2017-06-07 13:00
新竹市,新竹,25,,良好,1.3,0.24,23,18,10,6.6,2,9.82,3.18,2017-06-07 15:00
新竹市,新竹,21,,良好,1.2,0.23,12,9,6,6.4,1,10.86,4.46,2017-06-07 16:00
新竹市,新竹,18,,良好,1.1,0.24,13,4,4,5.1,1,8.55,3.44,2017-06-07 17:00
新竹市,新竹,17,,良好,1.1,0.32,20,7,2,6.7,1,9.17,2.51,2017-06-07 18:00
新竹市,新竹,13,,良好,1.2,0.34,,15,8,7,1,9.18,2.16,2017-06-07 19:00
新竹市,新竹,13,,良好,1.2,0.34,,15,8,7,1,9.18,2.16,2017-06-07 19:00
新竹市,新竹,26,,良好,0.9,0.34,31,13,6,9.3,1,10.3,1.03,2017-06-07 21:00
新竹市,新竹,16,,良好,0.9,0.32,,13,4,7.6,1,9.1,1.48,2017-06-07 22:00
新竹市,新竹,17,,良好,1,0.21,20,7,1,5.5,1,6.66,1.13,2017-06-07 23:00
新竹市,新竹,11,,良好,1,0.32,7.4,3,1,8,1,9.61,1.61,2017-06-08 00:00
新竹市,新竹,9,,良好,1.3,0.25,4.1,9,5,8.4,1,10.74,2.31,2017-06-08 01:00
新竹市,新竹,8,,良好,1.1,0.22,6.3,11,7,7.9,1,10.42,2.48,2017-06-08 02:00
新竹市,新竹,10,,良好,1.3,0.31,0.3,19,4,10,1,19.73,9.62,2017-06-08 03:00
新竹市,新竹,13,,良好,1.2,0.32,,25,5,11,1,18.69,7.98,2017-06-08 04:00
新竹市,新竹,15,,良好,1.3,0.21,,18,5,7.7,1,12.69,4.97,2017-06-08 05:00
新竹市,新竹,17,,良好,1.8,0.22,0.8,21,7,6.6,1,11.2,4.59,2017-06-08 06:00
新竹市,新竹,19,,良好,1.9,0.29,5.7,26,7,8.9,1,15.47,6.6,2017-06-08 07:00
新竹市,新竹,19,,良好,1.9,0.37,18,26,7,12,1,20.52,8.03,2017-06-08 08:00
新竹市,新竹,27,,良好,1.6,0.39,32,31,14,13,1,17.89,4.74,2017-06-08 09:00
新竹市,新竹,40,,良好,1.6,0.42,47,35,20,15,1,17.83,2.65,2017-06-08 10:00
新竹市,新竹,40,,良好,1.6,0.42,47,35,20,15,1,17.83,2.65,2017-06-08 10:00
新竹市,新竹,34,,良好,1.2,0.24,41,34,14,6.2,2,7.55,1.38,2017-06-08 12:00
新竹市,新竹,37,,良好,1.1,0.21,45,26,17,3.5,2,4.46,.98,2017-06-08 13:00
新竹市,新竹,36,,良好,1,0.2,43,22,17,2.8,2,3.69,.85,2017-06-08 14:00
新竹市,新竹,37,,良好,0.8,0.21,44,22,13,3.2,2,4.1,.88,2017-06-08 15:00
新竹市,新竹,37,,良好,1,0.25,44,17,12,4.2,2,5.33,1.17,2017-06-08 16:00
新竹市,新竹,34,,良好,0.9,0.31,40,22,16,7,2,8.32,1.31,2017-06-08 17:00
新竹市,新竹,35,,良好,0.9,0.36,42,29,16,10,2,11.97,1.56,2017-06-08 18:00
新竹市,新竹,42,,良好,1,0.46,50,37,18,13,2,13.38,.71,2017-06-08 19:00
新竹市,新竹,30,,良好,1,0.47,33,40,21,16,2,16.3,.62,2017-06-08 20:00
新竹市,新竹,31,,良好,1.4,0.48,36,31,18,18,2,18.89,.72,2017-06-08 21:00
新竹市,新竹,31,,良好,1.7,0.51,22,28,14,22,2,22.72,1.17,2017-06-08 22:00
新竹市,新竹,31,,良好,1.8,0.57,19,35,19,19,2,20.06,.62,2017-06-08 23:00
新竹市,新竹,31,,良好,1.4,0.5,17,38,23,18,2,19.07,.81,2017-06-09 00:00
新竹市,新竹,32,,良好,0.9,0.51,4.6,35,19,18,2,19.25,.89,2017-06-09 01:00
新竹市,新竹,34,,良好,1.5,0.42,4.5,37,18,16,2,16.45,.91,2017-06-09 02:00
新竹市,新竹,34,,良好,1.3,0.28,9.3,36,17,9.2,2,9.8,.61,2017-06-09 03:00
新竹市,新竹,35,,良好,1.6,0.32,6.2,34,18,14,2,15.73,1.61,2017-06-09 04:00
新竹市,新竹,36,,良好,1.9,0.24,8.1,40,18,14,2,15.13,1.47,2017-06-09 05:00
新竹市,新竹,36,,良好,2.2,0.25,6.4,37,18,12,2,13.68,1.67,2017-06-09 06:00
新竹市,新竹,36,,良好,2.1,0.35,13,37,20,13,2,17.84,4.64,2017-06-09 07:00
新竹市,新竹,37,,良好,2.3,0.5,18,42,25,14,2,20.82,7.18,2017-06-09 08:00
新竹市,新竹,38,,良好,1.7,0.45,42,42,24,13,2,17.91,4.68,2017-06-09 09:00
新竹市,新竹,40,,良好,2.7,0.44,34,47,23,15,2,19.93,4.8,2017-06-09 10:00
新竹市,新竹,52,臭氧,普通,2.4,0.34,63,45,26,10,2,13.43,3.16,2017-06-09 11:00
新竹市,新竹,52,臭氧,普通,1.7,0.31,63,47,26,6.3,2,7.85,1.58,2017-06-09 12:00
新竹市,新竹,51,臭氧,普通,1.4,0.34,61,46,21,8.5,2,9.91,1.38,2017-06-09 13:00
新竹市,新竹,46,,良好,1.3,0.29,55,37,21,5.9,2,7.41,1.54,2017-06-09 14:00
新竹市,新竹,42,,良好,1.3,0.25,50,32,19,4,2,5.46,1.47,2017-06-09 15:00
新竹市,新竹,42,,良好,1.3,0.25,50,32,19,4,2,5.46,1.47,2017-06-09 15:00
新竹市,新竹,36,,良好,1.4,0.23,28,30,10,5.4,2,7.84,2.42,2017-06-09 17:00
新竹市,新竹,34,,良好,1.5,0.34,27,22,6,6.5,2,8.13,1.64,2017-06-09 18:00
新竹市,新竹,32,,良好,1.5,0.44,22,24,7,13,2,15.86,2.4,2017-06-09 19:00
新竹市,新竹,30,,良好,1.4,0.42,12,23,8,10,2,11.52,1.55,2017-06-09 20:00
新竹市,新竹,30,,良好,1.4,0.42,12,23,8,10,2,11.52,1.55,2017-06-09 20:00
新竹市,新竹,30,,良好,1.4,0.42,12,23,8,10,2,11.52,1.55,2017-06-09 20:00
新竹市,新竹,30,,良好,1.4,0.42,12,23,8,10,2,11.52,1.55,2017-06-09 20:00
新竹市,新竹,30,,良好,1.4,0.42,12,23,8,10,2,11.52,1.55,2017-06-09 20:00
新竹市,新竹,30,,良好,1.4,0.42,12,23,8,10,2,11.52,1.55,2017-06-09 20:00
新竹市,新竹,30,,良好,1.4,0.42,12,23,8,10,2,11.52,1.55,2017-06-09 20:00
新竹市,新竹,30,,良好,1.4,0.42,12,23,8,10,2,11.52,1.55,2017-06-09 20:00
新竹市,新竹,30,,良好,1.4,0.42,12,23,8,10,2,11.52,1.55,2017-06-09 20:00
新竹市,新竹,30,,良好,1.4,0.42,12,23,8,10,2,11.52,1.55,2017-06-09 20:00
新竹市,新竹,30,,良好,1.4,0.42,12,23,8,10,2,11.52,1.55,2017-06-09 20:00
新竹市,新竹,30,,良好,1.2,0.48,9.6,34,16,14,2,22.43,8.39,2017-06-10 07:00
新竹市,新竹,30,,良好,1.5,0.41,22,30,18,12,2,19.18,6.92,2017-06-10 08:00
新竹市,新竹,36,,良好,1.3,0.43,44,33,20,12,2,15.73,3.86,2017-06-10 09:00
新竹市,新竹,32,,良好,1.3,0.33,38,32,19,9.2,2,12.36,3.16,2017-06-10 10:00
新竹市,新竹,42,,良好,0.6,0.28,50,29,11,7.7,2,10.24,2.55,2017-06-10 11:00
新竹市,新竹,34,,良好,0.5,0.3,41,30,10,6.9,2,9.24,2.33,2017-06-10 12:00
新竹市,新竹,43,,良好,0.5,0.32,51,30,19,7.3,2,9.27,2.02,2017-06-10 13:00
新竹市,新竹,50,,良好,0.6,0.37,60,44,22,8.3,2,11,2.73,2017-06-10 14:00
新竹市,新竹,36,,良好,0.6,0.3,39,51,12,5.9,2,8.24,2.38,2017-06-10 15:00
新竹市,新竹,41,,良好,0.6,0.37,50,40,8,8.7,2,10.99,2.3,2017-06-10 16:00
新竹市,新竹,42,,良好,0.5,0.42,51,34,12,8.6,2,11.18,2.54,2017-06-10 17:00
新竹市,新竹,37,,良好,0.7,0.37,32,31,12,9.1,2,11.59,2.51,2017-06-10 18:00
新竹市,新竹,43,,良好,0.7,0.43,52,29,10,8,2,10.2,2.24,2017-06-10 19:00
新竹市,新竹,32,,良好,0.7,0.4,30,24,8,7.6,2,9.99,2.36,2017-06-10 20:00
新竹市,新竹,28,,良好,0.7,0.46,33,14,7,10,1,12.2,2.09,2017-06-10 21:00
新竹市,新竹,26,,良好,0.7,0.52,,18,8,17,1,19.73,2.65,2017-06-10 22:00
新竹市,新竹,26,,良好,0.8,0.43,,30,9,18,1,23.01,4.57,2017-06-10 23:00
新竹市,新竹,27,,良好,0.8,0.34,21,30,9,12,1,14.68,2.27,2017-06-11 00:00
新竹市,新竹,28,,良好,0.7,0.3,28,23,8,11,1,13.05,1.89,2017-06-11 01:00
新竹市,新竹,28,,良好,1.1,0.25,13,22,5,12,1,14.13,2.09,2017-06-11 02:00
新竹市,新竹,26,,良好,1.3,0.23,16,25,6,9.7,1,11.64,1.95,2017-06-11 03:00
新竹市,新竹,24,,良好,1.1,0.23,12,24,7,6.8,1,7.71,.91,2017-06-11 04:00
新竹市,新竹,24,,良好,1.2,0.25,6.2,22,7,8.6,1,9.95,1.39,2017-06-11 05:00
新竹市,新竹,23,,良好,1.2,0.29,2.8,22,8,9.9,1,12.42,2.58,2017-06-11 06:00
新竹市,新竹,23,,良好,1.2,0.33,14,21,8,9.1,1,13.74,4.69,2017-06-11 07:00
新竹市,新竹,24,,良好,1.3,0.34,16,30,10,9.9,1,17.13,7.26,2017-06-11 08:00
新竹市,新竹,26,,良好,1.4,0.33,20,36,12,7.8,1,12.86,5.11,2017-06-11 09:00
新竹市,新竹,28,,良好,1.2,0.27,34,32,12,5.4,1,9.05,3.63,2017-06-11 10:00
新竹市,新竹,29,,良好,1.1,0.27,27,27,8,7.1,1,11.39,4.31,2017-06-11 11:00
新竹市,新竹,34,,良好,1.1,0.26,40,29,6,5.7,1,8.37,2.63,2017-06-11 12:00
新竹市,新竹,33,,良好,1.1,0.27,39,30,8,4.7,1,6.55,1.89,2017-06-11 13:00
新竹市,新竹,34,,良好,1.2,0.24,41,28,10,4.1,1,5.39,1.33,2017-06-11 14:00
新竹市,新竹,34,,良好,1.3,0.27,41,34,9,5.4,1,6.82,1.38,2017-06-11 15:00
新竹市,新竹,30,,良好,1.3,0.24,36,35,8,5,1,6.45,1.45,2017-06-11 16:00
新竹市,新竹,40,,良好,1.4,0.26,48,33,5,3.8,1,5.14,1.3,2017-06-11 17:00
新竹市,新竹,32,,良好,1.4,0.33,33,30,6,7.2,1,8.47,1.29,2017-06-11 18:00
新竹市,新竹,37,,良好,1.3,0.3,45,22,7,5.1,1,6.45,1.37,2017-06-11 19:00
新竹市,新竹,32,,良好,1.4,0.3,39,11,4,8.3,1,9.26,.99,2017-06-11 20:00
新竹市,新竹,22,,良好,1.4,0.41,,6,1,14,1,15.24,1.31,2017-06-11 21:00
新竹市,新竹,19,,良好,1.3,0.46,21,14,5,18,1,19.73,1.86,2017-06-11 22:00
新竹市,新竹,18,,良好,1.1,0.47,22,20,6,18,1,19.86,1.97,2017-06-11 23:00
新竹市,新竹,19,,良好,1.3,0.44,19,20,4,14,1,16.1,1.68,2017-06-12 00:00
新竹市,新竹,21,,良好,1.5,0.4,,24,11,17,1,18.46,1.8,2017-06-12 01:00
新竹市,新竹,21,,良好,1.5,0.4,,24,11,17,1,18.46,1.8,2017-06-12 01:00
新竹市,新竹,22,,良好,0.7,0.18,19,19,6,3.5,1,4.12,.67,2017-06-12 03:00
新竹市,新竹,21,,良好,0.6,0.18,15,15,2,4.3,1,4.77,.46,2017-06-12 04:00
新竹市,新竹,20,,良好,0.7,0.19,3.9,19,1,6.3,1,6.74,.39,2017-06-12 05:00
新竹市,新竹,19,,良好,0.7,0.25,3.4,24,2,8.2,1,11.11,2.96,2017-06-12 06:00
新竹市,新竹,20,,良好,0.8,0.3,7.5,25,6,9.1,1,17.77,8.71,2017-06-12 07:00
新竹市,新竹,21,,良好,0.9,0.44,18,24,10,11,1,22.78,11.46,2017-06-12 08:00
新竹市,新竹,24,,良好,0.8,0.49,27,29,10,12,1,19.04,7.28,2017-06-12 09:00
新竹市,新竹,29,,良好,0.8,0.43,35,31,10,11,1,15.32,4.12,2017-06-12 10:00
新竹市,新竹,27,,良好,,,,37,12,,1,,,2017-06-12 11:00
新竹市,新竹,29,,良好,1,0.39,,,,,1,,,2017-06-12 12:00
新竹市,新竹,30,,良好,2.1,0.31,,35,7,,1,,,2017-06-12 13:00
新竹市,新竹,31,,良好,1.7,0.26,,33,9,,1,,,2017-06-12 14:00
新竹市,新竹,0,,,1.7,0.25,,,,7.3,,7.1,-.18,2017-06-12 15:00
新竹市,新竹,30,,良好,,,35,27,6,,1,,,2017-06-12 16:00
新竹市,新竹,28,,良好,1.7,0.29,27,24,9,9.7,1,10.65,.99,2017-06-12 17:00
新竹市,新竹,24,,良好,,0.36,18,12,8,13,1,14.98,1.9,2017-06-12 18:00
新竹市,新竹,22,,良好,1.7,,18,10,2,,1,,,2017-06-12 19:00
新竹市,新竹,20,,良好,1.5,0.43,13,13,1,16,1,18.7,2.93,2017-06-12 20:00
新竹市,新竹,18,,良好,1.6,0.54,7.5,14,3,24,1,27.68,3.97,2017-06-12 21:00
新竹市,新竹,18,,良好,1.6,0.6,3.7,16,5,26,1,32.54,6.32,2017-06-12 22:00
新竹市,新竹,18,,良好,1.6,0.47,7.4,19,5,18,1,24.19,5.71,2017-06-12 23:00
新竹市,新竹,19,,良好,2.6,0.32,9.7,20,7,12,1,14.12,2.22,2017-06-13 00:00
新竹市,新竹,18,,良好,2.8,0.28,6.4,18,5,14,1,16.14,1.69,2017-06-13 01:00
新竹市,新竹,19,,良好,2.9,0.32,3.6,22,5,17,1,19.33,2.67,2017-06-13 02:00
新竹市,新竹,20,,良好,2.3,0.25,7.3,24,7,13,1,14.82,1.9,2017-06-13 03:00
新竹市,新竹,20,,良好,2.3,0.23,3.5,23,6,14,1,15.93,2.05,2017-06-13 04:00
新竹市,新竹,20,,良好,1.7,0.19,2.6,22,4,11,1,14,3.44,2017-06-13 05:00
新竹市,新竹,21,,良好,1.6,0.22,3.8,21,6,11,1,14.93,4.03,2017-06-13 06:00
新竹市,新竹,21,,良好,2.2,0.31,3.9,21,7,11,1,22.36,11.61,2017-06-13 07:00
新竹市,新竹,21,,良好,2.2,0.31,3.9,21,7,11,1,22.36,11.61,2017-06-13 07:00
新竹市,新竹,22,,良好,1.8,0.44,13,25,2,13,1,20.62,7.74,2017-06-13 09:00
新竹市,新竹,23,,良好,2.1,0.37,25,22,5,11,1,16.59,5.17,2017-06-13 10:00
新竹市,新竹,33,,良好,2.6,0.23,40,28,8,,1,,,2017-06-13 11:00
新竹市,新竹,45,,良好,4.7,0.32,54,37,12,,1,,,2017-06-13 12:00
新竹市,新竹,35,,良好,3.9,0.26,42,34,13,8.9,1,11.62,2.78,2017-06-13 13:00
新竹市,新竹,33,,良好,3.4,0.23,40,25,12,8.9,1,11.75,2.87,2017-06-13 14:00
新竹市,新竹,36,,良好,3.2,0.22,43,29,11,8.8,1,11.56,2.77,2017-06-13 15:00
新竹市,新竹,30,,良好,3.3,0.22,23,40,8,9.4,1,12.71,3.26,2017-06-13 16:00
新竹市,新竹,31,,良好,2,0.23,19,39,8,5.6,1,9.25,3.66,2017-06-13 17:00
新竹市,新竹,34,,良好,2.8,0.33,15,39,8,9.8,1,12.95,3.11,2017-06-13 18:00
新竹市,新竹,34,,良好,2,0.37,13,31,6,10,1,13.17,2.82,2017-06-13 19:00
新竹市,新竹,34,,良好,2,0.37,13,31,6,10,1,13.17,2.82,2017-06-13 19:00
新竹市,新竹,34,,良好,2,0.37,13,31,6,10,1,13.17,2.82,2017-06-13 19:00
新竹市,新竹,18,,良好,1.9,0.21,15,10,2,6.5,1,8.08,1.59,2017-06-13 23:00
新竹市,新竹,17,,良好,1.7,0.14,15,11,1,5.7,1,6.9,1.21,2017-06-14 00:00
新竹市,新竹,16,,良好,2.8,0.11,16,10,1,5,1,6.33,1.33,2017-06-14 01:00
新竹市,新竹,16,,良好,1.3,0.1,17,12,2,4,1,5.2,1.26,2017-06-14 02:00
新竹市,新竹,16,,良好,1.5,0.1,18,13,2,3.6,1,4.87,1.23,2017-06-14 03:00
新竹市,新竹,15,,良好,1.5,0.1,16,13,1,2.4,1,3.08,.65,2017-06-14 04:00
新竹市,新竹,14,,良好,1.2,0.14,15,11,2,2.5,1,3.31,.79,2017-06-14 05:00
新竹市,新竹,13,,良好,1.2,0.15,15,11,3,3.4,1,4.35,.96,2017-06-14 06:00
新竹市,新竹,12,,良好,1.1,0.19,15,13,1,4.5,1,5.72,1.19,2017-06-14 07:00
新竹市,新竹,12,,良好,0.9,0.27,13,13,2,6.4,1,8.2,1.82,2017-06-14 08:00
新竹市,新竹,17,,良好,0.9,0.27,21,11,3,6.3,1,8.04,1.77,2017-06-14 09:00
新竹市,新竹,20,,良好,1,0.27,24,10,3,8.6,1,10.62,1.98,2017-06-14 10:00
新竹市,新竹,16,,良好,0.9,0.3,20,11,2,11,1,14.39,3.48,2017-06-14 11:00
新竹市,新竹,13,,良好,0.9,0.29,16,10,1,9.7,1,13.2,3.49,2017-06-14 12:00
新竹市,新竹,12,,良好,1,0.32,15,8,4,9.6,1,12.12,2.49,2017-06-14 13:00
新竹市,新竹,13,,良好,0.9,0.25,15,11,5,8.6,1,11.26,2.68,2017-06-14 14:00
新竹市,新竹,34,,良好,0.9,0.31,41,13,2,9.2,1,10.6,1.36,2017-06-14 15:00
新竹市,新竹,43,,良好,0.9,0.29,52,8,1,7,1,8,.95,2017-06-14 16:00
新竹市,新竹,42,,良好,0.8,0.31,50,6,1,7.8,1,8.78,.97,2017-06-14 17:00
新竹市,新竹,32,,良好,1.2,0.42,39,9,1,18,1,19.37,1.21,2017-06-14 18:00
新竹市,新竹,27,,良好,1.2,0.51,32,8,3,23,1,24.08,1.35,2017-06-14 19:00
新竹市,新竹,27,,良好,0.9,0.46,32,7,5,19,1,19.82,1.12,2017-06-14 20:00
新竹市,新竹,18,,良好,1.5,0.5,22,7,3,24,1,25.83,1.37,2017-06-14 21:00
新竹市,新竹,23,,良好,2.2,0.43,28,10,5,18,1,20,1.52,2017-06-14 22:00
新竹市,新竹,35,,良好,1.6,0.29,42,9,5,9.7,1,10.69,.95,2017-06-14 23:00
新竹市,新竹,42,,良好,1.3,0.22,50,9,1,7.4,1,8.08,.7,2017-06-15 00:00
新竹市,新竹,41,,良好,1.3,0.23,50,10,3,6.9,1,7.81,.87,2017-06-15 01:00
新竹市,新竹,37,,良好,2.3,0.23,45,9,2,9.2,1,10.15,.93,2017-06-15 02:00
新竹市,新竹,36,,良好,1.4,0.21,43,5,4,6.6,1,7.5,.92,2017-06-15 03:00
新竹市,新竹,30,,良好,1.7,0.23,37,9,7,10,1,11.16,1,2017-06-15 04:00
新竹市,新竹,29,,良好,1.4,0.18,35,13,7,9.4,1,10.44,1.02,2017-06-15 05:00
新竹市,新竹,21,,良好,1.9,0.25,25,14,7,16,1,17.56,1.1,2017-06-15 06:00
新竹市,新竹,26,,良好,1.9,0.29,31,17,13,17,1,18.18,1.19,2017-06-15 07:00
新竹市,新竹,21,,良好,1.6,0.44,25,15,10,24,1,26.33,2.23,2017-06-15 08:00
新竹市,新竹,19,,良好,2.2,0.53,23,8,5,28,1,30.87,3.15,2017-06-15 09:00
新竹市,新竹,21,,良好,2,0.47,25,10,5,27,1,30.73,3.39,2017-06-15 10:00
新竹市,新竹,24,,良好,1.5,0.44,28,11,7,25,1,27.95,2.84,2017-06-15 11:00
新竹市,新竹,27,,良好,1.3,0.36,33,12,7,22,1,25.6,3.38,2017-06-15 12:00
新竹市,新竹,28,,良好,1.7,0.36,34,17,4,22,1,24.15,2.39,2017-06-15 13:00
新竹市,新竹,27,,良好,1.6,0.37,32,12,4,24,1,26.92,2.87,2017-06-15 14:00
新竹市,新竹,25,,良好,1.1,0.37,30,13,8,23,1,25.57,2.67,2017-06-15 15:00
新竹市,新竹,24,,良好,1,0.36,29,15,8,22,1,24.99,2.62,2017-06-15 16:00
新竹市,新竹,18,,良好,1.7,0.45,22,12,8,29,1,32.09,3.31,2017-06-15 17:00
新竹市,新竹,14,,良好,1.7,0.62,17,13,10,37,1,40.35,3.36,2017-06-15 18:00
新竹市,新竹,13,,良好,1.7,0.69,13,17,9,42,1,45.46,3.2,2017-06-15 19:00
新竹市,新竹,14,,良好,1.4,0.66,10,18,10,38,1,40.88,3.17,2017-06-15 20:00
新竹市,新竹,14,,良好,1.2,0.53,16,11,8,29,1,30.89,1.84,2017-06-15 21:00
新竹市,新竹,14,,良好,1.9,0.58,11,10,8,33,1,35,2.37,2017-06-15 22:00
新竹市,新竹,14,,良好,1.9,0.58,11,15,9,32,1,34.7,2.28,2017-06-15 23:00
新竹市,新竹,13,,良好,1.5,0.53,11,15,11,27,1,28.88,1.65,2017-06-16 00:00
新竹市,新竹,13,,良好,1.5,0.59,5.8,12,10,30,1,32.07,2.05,2017-06-16 01:00
新竹市,新竹,13,,良好,1.9,0.46,10,11,10,25,1,26.65,1.86,2017-06-16 02:00
新竹市,新竹,21,,良好,1.3,0.31,26,11,12,12,1,13.26,1.33,2017-06-16 03:00
新竹市,新竹,27,,良好,1.4,0.27,32,10,7,7.9,1,8.95,1.06,2017-06-16 04:00
新竹市,新竹,28,,良好,1.3,0.26,34,15,7,8,1,8.97,1,2017-06-16 05:00
新竹市,新竹,24,,良好,1.2,0.21,28,12,7,7.6,1,8.36,.8,2017-06-16 06:00
新竹市,新竹,16,,良好,1.2,0.16,20,12,2,6.1,1,7.15,1.08,2017-06-16 07:00
新竹市,新竹,14,,良好,2.8,0.4,9,19,5,16,1,24.77,8.48,2017-06-16 08:00
新竹市,新竹,15,,良好,2.7,0.37,12,20,8,13,1,21,7.74,2017-06-16 09:00
新竹市,新竹,16,,良好,3.1,0.34,11,18,10,17,1,26.54,9.71,2017-06-16 10:00
新竹市,新竹,17,,良好,1.7,0.25,19,19,8,9.5,1,12.36,2.82,2017-06-16 11:00
新竹市,新竹,23,,良好,1.5,0.27,27,15,4,11,1,13.72,2.48,2017-06-16 12:00
新竹市,新竹,34,,良好,1.3,0.32,41,10,1,11,1,12.46,1.69,2017-06-16 13:00
新竹市,新竹,35,,良好,1.1,0.29,42,9,5,8.8,1,10.3,1.53,2017-06-16 14:00
新竹市,新竹,24,,良好,1.3,0.28,28,9,8,11,1,12.38,1.37,2017-06-16 15:00
新竹市,新竹,12,,良好,1.4,0.25,15,10,6,10,1,12.6,2.65,2017-06-16 16:00
新竹市,新竹,11,,良好,1.3,0.28,13,10,4,12,1,16.15,4.34,2017-06-16 17:00
新竹市,新竹,11,,良好,1.5,0.37,11,11,3,15,1,18.81,4.31,2017-06-16 18:00
新竹市,新竹,12,,良好,1.6,0.4,10,11,5,13,1,17.34,4.25,2017-06-16 19:00
新竹市,新竹,14,,良好,1.2,0.37,16,12,8,12,1,14.41,2.7,2017-06-16 20:00
新竹市,新竹,12,,良好,1.8,0.45,15,9,6,15,1,16.98,2.01,2017-06-16 21:00
新竹市,新竹,13,,良好,1.5,0.43,16,10,3,13,1,15,1.85,2017-06-16 22:00
新竹市,新竹,12,,良好,1.4,0.32,15,14,5,11,1,12.12,1.44,2017-06-16 23:00
新竹市,新竹,10,,良好,2.7,0.22,12,12,4,15,1,20.73,5.67,2017-06-17 00:00
新竹市,新竹,24,,良好,0.5,0.16,29,12,3,5.9,1,7.1,1.2,2017-06-17 01:00
新竹市,新竹,32,,良好,1.6,0.17,38,9,4,6,1,6.8,.76,2017-06-17 02:00
新竹市,新竹,11,,良好,2.5,0.14,13,5,2,15,1,16.16,1.19,2017-06-17 03:00
新竹市,新竹,14,,良好,1.8,0.15,17,6,1,11,1,12.13,1.6,2017-06-17 04:00
新竹市,新竹,15,,良好,1.3,0.15,18,9,1,7.1,1,8.42,1.3,2017-06-17 05:00
新竹市,新竹,20,,良好,2.7,0.2,24,7,2,11,1,14.48,3.28,2017-06-17 06:00
新竹市,新竹,40,,良好,1.3,0.22,48,5,1,5.3,1,6.43,1.14,2017-06-17 07:00
新竹市,新竹,43,,良好,1.4,0.24,52,10,2,6.4,1,7.74,1.36,2017-06-17 08:00
新竹市,新竹,44,,良好,1.3,0.28,52,12,3,7.9,1,9.44,1.5,2017-06-17 09:00
新竹市,新竹,44,,良好,1.6,0.35,53,12,1,9.2,1,10.79,1.56,2017-06-17 10:00
新竹市,新竹,42,,良好,1.6,0.46,50,10,2,11,1,13.03,1.77,2017-06-17 11:00
新竹市,新竹,42,,良好,1.4,0.42,51,12,3,10,1,11.93,1.65,2017-06-17 12:00
新竹市,新竹,41,,良好,1.4,0.49,49,16,4,13,1,14.88,2.24,2017-06-17 13:00
新竹市,新竹,41,,良好,1.4,0.35,49,14,5,9.7,1,11.66,1.93,2017-06-17 14:00
新竹市,新竹,40,,良好,3.2,0.28,48,12,5,13,1,14.47,1.55,2017-06-17 15:00
新竹市,新竹,36,,良好,2,0.31,43,10,5,17,1,18.34,1.78,2017-06-17 16:00
新竹市,新竹,33,,良好,1.2,0.35,40,7,7,19,1,20.33,1.69,2017-06-17 17:00
新竹市,新竹,23,,良好,2,0.48,27,6,7,28,1,30.92,2.64,2017-06-17 18:00
新竹市,新竹,17,,良好,1.6,0.47,20,6,4,29,1,32.1,3,2017-06-17 19:00
新竹市,新竹,31,,良好,1.5,0.31,37,10,3,15,1,16.57,1.39,2017-06-17 20:00
新竹市,新竹,27,,良好,1.3,0.36,33,10,2,17,1,18.54,1.43,2017-06-17 21:00
新竹市,新竹,26,,良好,1.3,0.32,32,8,1,18,1,19.18,1.4,2017-06-17 22:00
新竹市,新竹,26,,良好,1.2,0.34,31,5,1,16,1,17.79,1.49,2017-06-17 23:00
新竹市,新竹,28,,良好,1.1,0.3,33,5,3,12,1,13.42,1.52,2017-06-18 00:00
新竹市,新竹,26,,良好,2.5,0.28,31,8,3,10,1,11.57,1.28,2017-06-18 01:00
新竹市,新竹,25,,良好,1,0.25,31,10,2,7.6,1,8.92,1.28,2017-06-18 02:00
新竹市,新竹,24,,良好,0.9,0.24,29,11,2,6.8,1,7.95,1.18,2017-06-18 03:00
新竹市,新竹,23,,良好,0.9,0.24,27,9,1,5.7,1,6.32,.63,2017-06-18 04:00
新竹市,新竹,20,,良好,1,0.24,25,10,1,5.6,1,6.12,.48,2017-06-18 05:00
新竹市,新竹,18,,良好,1,0.26,21,9,1,6.6,1,7.04,.46,2017-06-18 06:00
新竹市,新竹,14,,良好,0.9,0.29,16,6,1,11,1,11.75,1.05,2017-06-18 07:00
新竹市,新竹,14,,良好,1,0.3,17,6,6,10,1,12.04,1.7,2017-06-18 08:00
新竹市,新竹,19,,良好,0.9,0.32,23,8,3,9,1,11.22,2.25,2017-06-18 09:00
新竹市,新竹,21,,良好,1.1,0.35,25,7,1,8.2,1,11.05,2.9,2017-06-18 10:00
新竹市,新竹,23,,良好,1.1,0.38,27,4,1,9.4,1,11.68,2.27,2017-06-18 11:00
新竹市,新竹,17,,良好,1.9,0.41,21,6,3,12,1,14.06,2.48,2017-06-18 12:00
新竹市,新竹,13,,良好,1.5,0.41,16,12,6,12,1,14.6,2.85,2017-06-18 14:00
新竹市,新竹,9,,良好,1.7,0.42,11,14,8,18,1,22.73,5.09,2017-06-18 15:00
新竹市,新竹,9,,良好,1.5,0.36,10,10,7,14,1,18.15,4.19,2017-06-18 16:00
新竹市,新竹,9,,良好,1.1,0.27,11,9,1,11,1,15.73,4.69,2017-06-18 17:00
新竹市,新竹,11,,良好,1,0.26,13,11,4,8.3,1,11.46,3.13,2017-06-18 18:00
新竹市,新竹,8,,良好,1.4,0.35,10,10,8,11,1,13.64,3.06,2017-06-18 19:00
新竹市,新竹,9,,良好,1.4,0.36,11,9,4,9.4,1,11.94,2.49,2017-06-18 20:00
新竹市,新竹,9,,良好,1.5,0.34,11,13,2,9.6,1,11.8,2.17,2017-06-18 21:00
新竹市,新竹,10,,良好,1.2,0.33,9.1,17,5,10,1,12.54,2.41,2017-06-18 22:00
新竹市,新竹,12,,良好,1.5,0.42,4.6,20,11,13,1,17.34,3.94,2017-06-18 23:00
新竹市,新竹,15,,良好,1.8,0.33,6.3,21,8,11,1,14.75,3.82,2017-06-19 00:00
新竹市,新竹,16,,良好,1.4,0.24,7.6,20,7,8.5,1,9.75,1.25,2017-06-19 01:00
新竹市,新竹,16,,良好,1.4,0.24,7.6,20,7,8.5,1,9.75,1.25,2017-06-19 01:00
新竹市,新竹,17,,良好,2.1,0.2,3.1,20,3,7.8,1,9.82,2.07,2017-06-19 03:00
新竹市,新竹,17,,良好,1.9,0.16,4.1,18,5,7,1,8.78,1.78,2017-06-19 04:00
新竹市,新竹,17,,良好,2.1,0.11,4,19,1,5.1,1,6.41,1.32,2017-06-19 05:00
新竹市,新竹,18,,良好,2,0.15,2.7,18,3,6.9,1,10.49,3.6,2017-06-19 06:00
新竹市,新竹,17,,良好,2,0.17,2.8,13,5,6.5,1,12.82,6.32,2017-06-19 07:00
新竹市,新竹,16,,良好,2,0.37,4.2,12,2,8.6,1,23.44,14.8,2017-06-19 08:00
新竹市,新竹,17,,良好,2.4,0.86,4.8,18,6,15,1,40.1,25.1,2017-06-19 09:00
新竹市,新竹,17,,良好,2.9,0.58,4.8,20,8,14,1,40.53,26.47,2017-06-19 10:00
新竹市,新竹,17,,良好,2.6,0.38,7.9,18,5,11,1,20.16,9.55,2017-06-19 11:00
新竹市,新竹,18,,良好,2.5,0.34,10,18,2,11,1,18.19,7.3,2017-06-19 12:00
新竹市,新竹,18,,良好,2.7,0.31,22,19,6,8,1,13.46,5.42,2017-06-19 13:00
新竹市,新竹,30,,良好,2.7,0.32,36,20,12,7.9,1,10.65,2.7,2017-06-19 14:00
新竹市,新竹,38,,良好,2.7,0.34,45,22,13,8.9,1,10.88,2.01,2017-06-19 15:00
新竹市,新竹,39,,良好,2.6,0.41,47,28,13,11,1,12.49,1.58,2017-06-19 16:00
新竹市,新竹,32,,良好,2.8,0.42,38,28,16,15,1,16.85,1.66,2017-06-19 17:00
新竹市,新竹,26,,良好,3,0.5,32,32,17,17,2,18.6,1.6,2017-06-19 18:00
新竹市,新竹,26,,良好,3.1,0.48,27,32,13,17,2,18.21,1.27,2017-06-19 19:00
新竹市,新竹,27,,良好,3,0.38,18,31,9,13,2,14.08,1.44,2017-06-19 20:00
新竹市,新竹,27,,良好,3.1,0.38,10,24,7,12,1,14.56,2.71,2017-06-19 21:00
新竹市,新竹,25,,良好,2.2,0.27,11,19,7,7.3,1,9.71,2.41,2017-06-19 22:00
新竹市,新竹,23,,良好,2.6,0.29,8.1,17,5,11,1,13.82,3.14,2017-06-19 23:00
新竹市,新竹,22,,良好,3.1,0.24,8.7,16,3,11,1,13.29,2.14,2017-06-20 00:00
新竹市,新竹,22,,良好,3.1,0.24,8.7,16,3,11,1,13.29,2.14,2017-06-20 00:00
新竹市,新竹,22,,良好,2.3,0.14,13,24,5,9.7,1,10.76,1.07,2017-06-20 02:00
新竹市,新竹,22,,良好,2.3,0.11,20,21,2,4.4,1,5.32,.93,2017-06-20 03:00
新竹市,新竹,21,,良好,2.9,0.12,19,16,8,9.2,1,9.93,.7,2017-06-20 04:00
新竹市,新竹,22,,良好,2.7,0.16,13,21,7,7.1,1,7.77,.65,2017-06-20 05:00
新竹市,新竹,21,,良好,3.1,0.18,11,21,4,8.7,1,9.57,.92,2017-06-20 06:00
新竹市,新竹,20,,良好,3.4,0.21,11,19,3,9.5,1,12.16,2.68,2017-06-20 07:00
新竹市,新竹,20,,良好,2.9,0.29,14,18,6,7.9,1,11.89,3.98,2017-06-20 08:00
新竹市,新竹,19,,良好,2.7,0.29,15,20,9,7.4,1,11.59,4.24,2017-06-20 09:00
新竹市,新竹,19,,良好,2.6,0.29,15,21,8,7.6,1,11.73,4.19,2017-06-20 10:00
新竹市,新竹,20,,良好,2.4,0.25,19,21,7,6.9,1,11.59,4.67,2017-06-20 11:00
新竹市,新竹,22,,良好,1.9,0.26,24,28,7,5.7,1,9.08,3.36,2017-06-20 12:00
新竹市,新竹,36,,良好,1.8,0.29,43,31,8,7.2,1,9.53,2.29,2017-06-20 13:00
新竹市,新竹,34,,良好,2,0.26,41,32,8,6.9,1,8.4,1.49,2017-06-20 14:00
新竹市,新竹,31,,良好,1.7,0.24,37,31,6,6.5,1,8.02,1.57,2017-06-20 15:00
新竹市,新竹,31,,良好,1.7,0.24,37,31,6,6.5,1,8.02,1.57,2017-06-20 15:00
新竹市,新竹,30,,良好,1.8,0.27,36,28,6,7.2,1,8.67,1.52,2017-06-20 16:00
新竹市,新竹,26,,良好,2.4,0.33,17,25,8,8.5,1,10.67,2.19,2017-06-20 18:00
新竹市,新竹,26,,良好,2.8,0.44,9.8,25,6,12,1,15.3,3.07,2017-06-20 19:00
新竹市,新竹,26,,良好,2,0.41,14,27,8,12,1,14.25,1.96,2017-06-20 20:00
新竹市,新竹,26,,良好,2.3,0.39,17,25,8,12,1,12.93,1.33,2017-06-20 21:00
新竹市,新竹,26,,良好,2.4,0.38,13,21,5,12,1,13.2,1.38,2017-06-20 22:00
新竹市,新竹,26,,良好,2.4,0.38,13,21,5,12,1,13.2,1.38,2017-06-20 22:00
新竹市,新竹,23,,良好,2.5,0.21,11,18,6,8.8,1,10.04,1.27,2017-06-21 00:00
新竹市,新竹,23,,良好,2.5,0.21,11,18,6,8.8,1,10.04,1.27,2017-06-21 00:00
新竹市,新竹,20,,良好,1.9,0.14,12,15,7,4.7,1,5.46,.76,2017-06-21 02:00
新竹市,新竹,18,,良好,1.8,0.13,16,11,4,4.8,1,5.41,.65,2017-06-21 03:00
新竹市,新竹,17,,良好,1.6,0.12,15,11,2,4.2,1,5.76,1.58,2017-06-21 04:00
新竹市,新竹,15,,良好,1.8,0.12,13,11,1,4.4,1,5.82,1.44,2017-06-21 05:00
新竹市,新竹,15,,良好,1.8,0.12,13,11,1,4.4,1,5.82,1.44,2017-06-21 05:00
新竹市,新竹,14,,良好,1.8,0.2,13,11,1,6.7,1,9.19,2.49,2017-06-21 07:00
新竹市,新竹,14,,良好,1.8,0.2,13,11,1,6.7,1,9.19,2.49,2017-06-21 07:00
新竹市,新竹,15,,良好,2.3,0.29,13,20,7,7.5,1,13.05,5.6,2017-06-21 09:00
新竹市,新竹,15,,良好,2.3,0.29,13,20,7,7.5,1,13.05,5.6,2017-06-21 09:00
新竹市,新竹,16,,良好,3.3,0.32,14,17,5,9.9,1,16.77,6.92,2017-06-21 10:00
新竹市,新竹,27,,良好,2.2,0.36,33,33,8,11,1,13.69,3.01,2017-06-21 12:00
新竹市,新竹,20,,良好,2.2,0.36,33,33,8,11,1,13.69,3.01,2017-06-21 12:00
新竹市,新竹,20,,良好,2.2,0.36,33,33,8,11,1,13.69,3.01,2017-06-21 12:00
